img,idx_label,RGB.ROI_01.redDN,RGB.ROI_01.greenDN,RGB.ROI_01.blueDN,RGB.ROI_01.2G_RBi,RGB.ROI_01.pctR,RGB.ROI_01.pctG,RGB.ROI_01.pctB,RGB.ROI_01.nNDVI,RGB.ROI_01.totalRGB,RGB.ROI_01.AnyColor,RGB.ROI_02.redDN,RGB.ROI_02.greenDN,RGB.ROI_02.blueDN,RGB.ROI_02.2G_RBi,RGB.ROI_02.pctR,RGB.ROI_02.pctG,RGB.ROI_02.pctB,RGB.ROI_02.nNDVI,RGB.ROI_02.totalRGB,RGB.ROI_02.AnyColor,RGB.ROI_03.redDN,RGB.ROI_03.greenDN,RGB.ROI_03.blueDN,RGB.ROI_03.2G_RBi,RGB.ROI_03.pctR,RGB.ROI_03.pctG,RGB.ROI_03.pctB,RGB.ROI_03.nNDVI,RGB.ROI_03.totalRGB,RGB.ROI_03.AnyColor,RGB.ROI_04.redDN,RGB.ROI_04.greenDN,RGB.ROI_04.blueDN,RGB.ROI_04.2G_RBi,RGB.ROI_04.pctR,RGB.ROI_04.pctG,RGB.ROI_04.pctB,RGB.ROI_04.nNDVI,RGB.ROI_04.totalRGB,RGB.ROI_04.AnyColor,RGB.ROI_05.redDN,RGB.ROI_05.greenDN,RGB.ROI_05.blueDN,RGB.ROI_05.2G_RBi,RGB.ROI_05.pctR,RGB.ROI_05.pctG,RGB.ROI_05.pctB,RGB.ROI_05.nNDVI,RGB.ROI_05.totalRGB,RGB.ROI_05.AnyColor,RGB.ROI_06.redDN,RGB.ROI_06.greenDN,RGB.ROI_06.blueDN,RGB.ROI_06.2G_RBi,RGB.ROI_06.pctR,RGB.ROI_06.pctG,RGB.ROI_06.pctB,RGB.ROI_06.nNDVI,RGB.ROI_06.totalRGB,RGB.ROI_06.AnyColor,RGB.ROI_07.redDN,RGB.ROI_07.greenDN,RGB.ROI_07.blueDN,RGB.ROI_07.2G_RBi,RGB.ROI_07.pctR,RGB.ROI_07.pctG,RGB.ROI_07.pctB,RGB.ROI_07.nNDVI,RGB.ROI_07.totalRGB,RGB.ROI_07.AnyColor,RGB.ROI_08.redDN,RGB.ROI_08.greenDN,RGB.ROI_08.blueDN,RGB.ROI_08.2G_RBi,RGB.ROI_08.pctR,RGB.ROI_08.pctG,RGB.ROI_08.pctB,RGB.ROI_08.nNDVI,RGB.ROI_08.totalRGB,RGB.ROI_08.AnyColor,RGB.ROI_09.redDN,RGB.ROI_09.greenDN,RGB.ROI_09.blueDN,RGB.ROI_09.2G_RBi,RGB.ROI_09.pctR,RGB.ROI_09.pctG,RGB.ROI_09.pctB,RGB.ROI_09.nNDVI,RGB.ROI_09.totalRGB,RGB.ROI_09.AnyColor,RGB.ROI_10.redDN,RGB.ROI_10.greenDN,RGB.ROI_10.blueDN,RGB.ROI_10.2G_RBi,RGB.ROI_10.pctR,RGB.ROI_10.pctG,RGB.ROI_10.pctB,RGB.ROI_10.nNDVI,RGB.ROI_10.totalRGB,RGB.ROI_10.AnyColor,RGB.ROI_11.redDN,RGB.ROI_11.greenDN,RGB.ROI_11.blueDN,RGB.ROI_11.2G_RBi,RGB.ROI_11.pctR,RGB.ROI_11.pctG,RGB.ROI_11.pctB,RGB.ROI_11.nNDVI,RGB.ROI_11.totalRGB,RGB.ROI_11.AnyColor,RGB.ROI_12.redDN,RGB.ROI_12.greenDN,RGB.ROI_12.blueDN,RGB.ROI_12.2G_RBi,RGB.ROI_12.pctR,RGB.ROI_12.pctG,RGB.ROI_12.pctB,RGB.ROI_12.nNDVI,RGB.ROI_12.totalRGB,RGB.ROI_12.AnyColor,HSV.ROI_01.Hue,HSV.ROI_01.Saturation,HSV.ROI_01.Value,HSV.ROI_02.Hue,HSV.ROI_02.Saturation,HSV.ROI_02.Value,HSV.ROI_03.Hue,HSV.ROI_03.Saturation,HSV.ROI_03.Value,HSV.ROI_04.Hue,HSV.ROI_04.Saturation,HSV.ROI_04.Value,HSV.ROI_05.Hue,HSV.ROI_05.Saturation,HSV.ROI_05.Value,HSV.ROI_06.Hue,HSV.ROI_06.Saturation,HSV.ROI_06.Value,HSV.ROI_07.Hue,HSV.ROI_07.Saturation,HSV.ROI_07.Value,HSV.ROI_08.Hue,HSV.ROI_08.Saturation,HSV.ROI_08.Value,HSV.ROI_09.Hue,HSV.ROI_09.Saturation,HSV.ROI_09.Value,HSV.ROI_10.Hue,HSV.ROI_10.Saturation,HSV.ROI_10.Value,HSV.ROI_11.Hue,HSV.ROI_11.Saturation,HSV.ROI_11.Value,HSV.ROI_12.Hue,HSV.ROI_12.Saturation,HSV.ROI_12.Value,Lab.ROI_01.L*,Lab.ROI_01.a*,Lab.ROI_01.b*,Lab.ROI_01.test(L*a*)=a*(1+(L*)/2550),Lab.ROI_02.L*,Lab.ROI_02.a*,Lab.ROI_02.b*,Lab.ROI_02.test(L*a*)=a*(1+(L*)/2550),Lab.ROI_03.L*,Lab.ROI_03.a*,Lab.ROI_03.b*,Lab.ROI_03.test(L*a*)=a*(1+(L*)/2550),Lab.ROI_04.L*,Lab.ROI_04.a*,Lab.ROI_04.b*,Lab.ROI_04.test(L*a*)=a*(1+(L*)/2550),Lab.ROI_05.L*,Lab.ROI_05.a*,Lab.ROI_05.b*,Lab.ROI_05.test(L*a*)=a*(1+(L*)/2550),Lab.ROI_06.L*,Lab.ROI_06.a*,Lab.ROI_06.b*,Lab.ROI_06.test(L*a*)=a*(1+(L*)/2550),Lab.ROI_07.L*,Lab.ROI_07.a*,Lab.ROI_07.b*,Lab.ROI_07.test(L*a*)=a*(1+(L*)/2550),Lab.ROI_08.L*,Lab.ROI_08.a*,Lab.ROI_08.b*,Lab.ROI_08.test(L*a*)=a*(1+(L*)/2550),Lab.ROI_09.L*,Lab.ROI_09.a*,Lab.ROI_09.b*,Lab.ROI_09.test(L*a*)=a*(1+(L*)/2550),Lab.ROI_10.L*,Lab.ROI_10.a*,Lab.ROI_10.b*,Lab.ROI_10.test(L*a*)=a*(1+(L*)/2550),Lab.ROI_11.L*,Lab.ROI_11.a*,Lab.ROI_11.b*,Lab.ROI_11.test(L*a*)=a*(1+(L*)/2550),Lab.ROI_12.L*,Lab.ROI_12.a*,Lab.ROI_12.b*,Lab.ROI_12.test(L*a*)=a*(1+(L*)/2550)
cam_2_2010_0824_120007.jpg,10.236,70.272389,69.443563,35.433522,33.181215,0.401214,0.396482,0.202304,-0.005932,175.149474,-68.848907,119.888609,104.908791,70.66078,19.268193,0.405772,0.355072,0.239157,-0.066637,295.45818,-83.475839,93.599162,85.345988,44.363287,32.729526,0.419147,0.382189,0.198664,-0.046121,223.308437,-90.218576,115.389104,101.889104,62.351601,26.037503,0.41265,0.364371,0.222979,-0.062132,279.629809,-92.575005,105.268613,97.657783,57.53511,32.511844,0.404162,0.374941,0.220897,-0.037505,260.461506,-87.856176,124.713014,111.550959,79.989726,18.399178,0.394345,0.352726,0.252929,-0.055709,316.253699,-76.284521,105.351406,101.290461,67.292345,29.937172,0.384587,0.369762,0.245651,-0.019652,273.934212,-72.057177,51.320358,56.192132,23.628331,37.435575,0.391338,0.428487,0.180175,0.045314,131.14082,-60.255828,110.931153,106.866262,70.237404,32.563967,0.385131,0.371019,0.24385,-0.018664,288.034819,-77.322606,116.693998,109.163435,71.146445,30.486427,0.392904,0.367549,0.239547,-0.033342,297.003878,-83.564543,108.731166,101.898011,67.290434,27.774422,0.391232,0.366646,0.242122,-0.032442,277.919611,-76.048309,237.464503,254.838742,245.172414,27.040568,0.321996,0.345555,0.332448,0.035292,737.475659,-1.958418,0.163166,0.526623,0.278459,0.115599,0.420292,0.470151,0.138734,0.550097,0.367232,0.124139,0.476374,0.452506,0.139838,0.465356,0.412818,0.118049,0.369312,0.489094,0.149388,0.375576,0.415105,0.188548,0.587265,0.221096,0.150422,0.373384,0.435843,0.139919,0.401011,0.457695,0.145812,0.417483,0.432302,0.406982,0.068177,0.999368,73.259271,124.108664,148.459595,122.32049,114.933243,130.236173,149.561032,130.488129,92.173612,126.931283,152.892016,126.043939,111.074146,129.189555,152.350419,129.243974,105.384941,126.42132,151.912014,126.192519,121.186301,129.590411,147.622192,130.158896,108.426073,125.413561,147.921028,125.336153,57.221066,121.6301,146.866049,119.112646,114.25244,125.118175,149.155368,125.326825,117.322253,126.490674,150.396676,126.853888,109.212753,126.433127,148.703738,126.394095,250.838742,120.851927,130.751521,127.526685
cam_2_2010_0825_120007.jpg,10.237,105.935547,95.320972,80.631741,4.074656,0.375807,0.338152,0.286042,-0.052742,281.888259,-39.993036,156.458956,129.886086,110.806326,-7.493111,0.393953,0.327044,0.279003,-0.0928,397.151368,-64.732389,127.516373,109.642068,88.956683,2.81108,0.391016,0.336207,0.272777,-0.075369,326.115123,-59.245074,153.062433,128.021706,104.842682,-1.861702,0.39661,0.331725,0.271665,-0.089086,385.926821,-71.398775,136.663706,118.107868,98.770305,0.781726,0.386556,0.33407,0.279374,-0.072833,353.541878,-57.230964,165.301918,140.073151,119.268904,-4.424521,0.389272,0.32986,0.280868,-0.082616,424.643973,-66.83726,134.023006,121.105072,101.859545,6.327593,0.375428,0.339242,0.285331,-0.050633,356.987623,-51.408987,82.306099,76.881661,63.46378,7.993443,0.369663,0.3453,0.285036,-0.034076,222.65154,-32.2602,127.820364,115.596149,96.547613,6.824321,0.375982,0.340025,0.283994,-0.050219,339.964126,-50.321287,126.894183,112.148661,94.100277,3.302862,0.3809,0.336638,0.282462,-0.061686,333.143121,-50.84229,125.136803,108.878084,93.085521,-0.466156,0.382564,0.332858,0.284578,-0.069477,327.100408,-47.843844,244.454361,254.913793,218.257606,47.115619,0.340643,0.355218,0.304138,0.020945,717.625761,-62.852941,0.098455,0.241072,0.415434,0.068128,0.287242,0.613565,0.089572,0.303521,0.500064,0.079803,0.313248,0.600245,0.086148,0.275894,0.535936,0.073783,0.274765,0.648243,0.101128,0.238147,0.52558,0.154656,0.256894,0.323688,0.102851,0.243284,0.501256,0.094406,0.257651,0.497624,0.093836,0.244565,0.490956,0.215746,0.143797,0.999662,104.605992,130.56,138.050202,130.283827,143.616534,136.320008,142.306423,138.117108,120.982563,132.790348,142.334866,133.362261,141.035354,135.324629,144.346121,136.971628,129.965313,133.112944,141.489002,134.155157,152.972877,135.432329,142.774932,137.714649,131.488094,130.689627,140.51379,131.79091,83.618027,128.47398,136.771232,127.144805,125.893959,130.5244,140.455025,131.337949,123.012742,131.680702,140.312465,132.352673,119.189594,132.513943,139.227603,132.991492,251.065923,119.742394,144.446247,126.366539
cam_2_2010_0826_120007.jpg,10.238,73.572794,70.679676,35.69587,32.090688,0.408855,0.392778,0.198367,-0.020056,179.94834,-72.860729,126.632253,108.33825,73.943528,16.100718,0.409927,0.350707,0.239366,-0.077857,308.914031,-87.083447,104.645843,93.325942,51.986476,30.019565,0.418653,0.373366,0.207981,-0.057179,249.958262,-93.998833,129.003761,110.688803,71.564582,20.809263,0.41446,0.355619,0.229921,-0.07641,311.257146,-96.5634,107.870981,96.675973,57.383672,28.097293,0.41183,0.36909,0.21908,-0.054731,261.930626,-89.779611,135.616164,117.78137,85.135068,14.811507,0.4006,0.347917,0.251483,-0.070383,338.532603,-83.127397,111.146778,104.750706,69.530203,28.824432,0.389404,0.366996,0.2436,-0.029626,285.427687,-76.837078,56.931307,60.884679,25.896336,38.941715,0.396148,0.423657,0.180196,0.033555,143.712323,-66.023314,113.554999,107.613295,69.886046,31.785545,0.390151,0.369736,0.240113,-0.026865,291.054339,-81.396202,119.338873,108.878301,70.31856,28.099169,0.399747,0.364708,0.235545,-0.045836,298.535734,-87.580055,110.997178,101.362924,65.544115,26.184555,0.399408,0.364741,0.235851,-0.045368,277.904217,-81.271872,239.495943,254.978702,244.761663,25.699797,0.323978,0.344922,0.331101,0.031312,739.236308,-4.951318,0.154756,0.553405,0.289263,0.109403,0.427753,0.496597,0.131819,0.529707,0.410382,0.114498,0.46626,0.505897,0.130128,0.482407,0.423023,0.109123,0.385586,0.531831,0.142516,0.388467,0.436563,0.180557,0.588237,0.240596,0.145301,0.391118,0.445833,0.132595,0.423239,0.468025,0.139782,0.455711,0.44033,0.389275,0.060721,0.999916,74.950931,125.000648,149.065911,123.282547,119.125946,131.651853,150.061129,132.123009,101.394041,128.18741,153.307201,127.754792,121.152482,131.217064,152.590157,131.790945,105.190355,128.193739,152.067682,127.951949,128.362192,131.434795,148.755205,132.381238,112.404951,126.271492,148.837482,126.390581,62.63062,121.818589,148.205454,119.555659,115.386969,125.797415,150.048008,126.063167,117.674238,127.716713,151.122992,128.101077,108.950821,127.495391,149.786027,127.442934,251.198783,121.206897,131.025355,127.918374
cam_2_2010_0827_120033.jpg,10.239,77.74834,79.623968,55.343968,26.155628,0.365503,0.37432,0.260177,0.011918,212.716275,-46.684372,131.401514,118.518727,96.084417,9.551523,0.379768,0.342535,0.277697,-0.051548,346.004657,-57.751407,107.823711,101.782797,72.085055,23.656827,0.382772,0.361327,0.255901,-0.02882,281.691563,-65.436397,132.047711,120.136579,91.642059,16.583387,0.384053,0.349411,0.266536,-0.047232,343.826349,-68.900172,111.876058,106.23308,79.567682,21.02242,0.375831,0.356874,0.267296,-0.025872,297.676819,-58.973773,139.541096,128.022877,106.063699,10.440959,0.373476,0.342648,0.283875,-0.043048,373.627671,-55.436575,114.783398,113.25898,89.373873,22.360689,0.361618,0.356815,0.281567,-0.006685,317.416252,-49.294632,62.30204,69.05995,42.45535,33.36251,0.358434,0.397313,0.244253,0.051445,173.81734,-46.451291,117.65339,116.500659,90.662886,24.685044,0.362214,0.358666,0.27912,-0.004923,324.816935,-52.828277,124.108403,118.285503,92.209234,20.25337,0.370912,0.35351,0.275578,-0.024022,334.603139,-57.975439,115.718753,111.211331,87.061964,19.641944,0.36854,0.354185,0.277274,-0.019863,313.992049,-52.806155,224.10142,254.994929,254.786004,31.102434,0.305364,0.34746,0.347176,0.064483,733.882353,30.475659,0.179678,0.328084,0.313757,0.10735,0.271427,0.5153,0.139225,0.348319,0.423076,0.118814,0.31766,0.517838,0.13817,0.297635,0.438905,0.111625,0.246811,0.547421,0.159209,0.235163,0.454533,0.201986,0.392936,0.271043,0.161055,0.241604,0.467217,0.139581,0.264064,0.487599,0.152063,0.285209,0.463292,0.498912,0.121164,0.999992,84.067854,123.881457,142.126478,122.621649,128.571512,130.304289,142.326218,131.253288,109.350518,126.631564,145.808608,126.599312,129.510746,129.22824,145.523748,130.217,114.20643,126.760998,143.922589,126.970101,137.539589,129.730822,141.703014,131.131894,120.488497,125.391632,141.584421,125.907385,71.396649,121.368859,142.983035,119.531508,123.783962,125.047217,142.54814,125.723157,126.584303,126.895291,143.305448,127.720573,118.383051,126.448692,142.323878,126.864388,249.045639,117.8286,124.448276,124.253523
cam_2_2010_0828_120007.jpg,10.24,69.016842,65.740729,32.447287,30.017328,0.412768,0.393175,0.194057,-0.024311,167.204858,-69.862996,119.664273,102.153115,68.711818,15.930138,0.411884,0.35161,0.236506,-0.078944,290.529206,-84.393751,92.142857,80.860713,40.886044,28.692524,0.430796,0.378049,0.191155,-0.065213,213.889614,-91.231482,116.198582,99.441973,61.014399,21.670965,0.420013,0.359444,0.220543,-0.077706,276.654954,-93.611756,105.879442,93.890017,54.75,27.150592,0.415997,0.368891,0.215111,-0.060016,254.519459,-90.269459,124.648493,109.640274,78.800822,15.831233,0.398124,0.350188,0.251688,-0.064059,313.089589,-76.687123,105.712498,99.046011,65.411274,26.96825,0.391282,0.366607,0.242112,-0.032558,270.169783,-73.935961,50.968984,54.276749,22.316819,35.267694,0.399561,0.425491,0.174948,0.031429,127.562552,-60.612094,110.424162,104.509628,68.182801,30.412292,0.390031,0.36914,0.240829,-0.027518,283.116592,-78.568188,116.979686,107.21145,69.677008,27.766205,0.398069,0.364828,0.237103,-0.043571,293.868144,-84.837119,108.452484,99.049638,65.254545,24.392247,0.397616,0.363143,0.239241,-0.045314,272.756666,-76.993032,242.272819,254.986815,245.31643,22.384381,0.32626,0.343381,0.330359,0.025568,742.576065,-6.626775,0.152137,0.553165,0.271202,0.108747,0.435024,0.469272,0.12999,0.578348,0.361353,0.115859,0.49341,0.455681,0.127304,0.495301,0.415213,0.112574,0.378124,0.488818,0.139488,0.393352,0.414839,0.176971,0.590661,0.214262,0.14402,0.388552,0.433557,0.133209,0.414404,0.458763,0.137168,0.432524,0.429085,0.37232,0.049941,0.999948,69.887449,125.420891,148.498947,123.447968,112.848438,131.567436,149.622744,131.714402,88.35553,128.550491,152.942885,127.459351,109.437997,130.838276,152.345154,130.80944,102.623942,128.629442,152.196277,128.257372,119.780274,130.530137,147.583973,131.030772,106.715727,126.63393,148.184717,126.470832,55.458784,122.44744,146.751041,119.828447,112.256397,125.993669,149.381693,126.105156,115.918375,127.596307,150.52133,127.892449,106.930922,127.693773,148.724748,127.540086,251.926978,122.177485,131.026369,128.977595
cam_2_2010_0829_120007.jpg,10.241,82.255061,80.328259,45.716437,32.68502,0.394888,0.385638,0.219474,-0.011851,208.299757,-71.150445,138.74151,120.544731,88.915777,13.432175,0.398451,0.346192,0.255357,-0.07018,348.202018,-81.454687,113.303563,103.204023,63.231619,29.872863,0.405033,0.368929,0.226038,-0.046648,279.739205,-90.044347,139.3804,121.916613,83.653342,20.799484,0.404059,0.353432,0.242508,-0.066835,344.950355,-93.990329,118.156937,108.264805,71.721235,26.651438,0.39631,0.36313,0.24056,-0.043689,298.142978,-82.979272,146.486712,130.617397,98.382603,16.365479,0.390125,0.347862,0.262014,-0.057268,375.486712,-80.338904,124.222118,118.092291,84.713575,27.24889,0.379852,0.361108,0.259041,-0.025297,327.027983,-72.88726,70.819629,74.741361,38.831703,39.831391,0.38407,0.405338,0.210592,0.026942,184.392694,-67.897585,129.143498,122.715906,87.42258,28.865735,0.380638,0.361693,0.257669,-0.025521,339.281984,-77.014244,137.702493,127.011634,91.389658,24.931117,0.386692,0.35667,0.256638,-0.040386,356.103786,-81.934811,131.771584,121.665288,87.277103,24.28189,0.386751,0.357089,0.256159,-0.039877,340.713976,-78.882667,234.507099,254.776876,249.067951,25.978702,0.317609,0.345062,0.33733,0.041427,738.351927,8.851927,0.158306,0.467771,0.323863,0.107097,0.362456,0.544084,0.133756,0.458702,0.444329,0.115511,0.411801,0.54659,0.131574,0.40213,0.463361,0.113274,0.334037,0.574471,0.142507,0.324682,0.487746,0.181396,0.48534,0.294745,0.142272,0.325518,0.506725,0.130644,0.339889,0.540024,0.137205,0.361266,0.521417,0.453039,0.079555,0.999125,85.457004,124.445992,148.612955,123.248236,131.66796,131.622356,148.150592,132.740783,111.562161,127.540811,152.020389,127.618944,132.393939,130.688373,151.614012,131.83607,117.047377,127.676819,149.984772,128.029676,140.898082,130.462877,147.833973,132.043682,126.200188,126.265572,147.388134,127.06774,77.991257,121.733243,148.446191,120.205193,131.010815,126.1799,148.306252,127.219564,136.172484,127.933333,149.010526,129.246405,130.105717,127.710247,148.474832,128.717191,250.772819,120.385396,128.544625,127.031275
cam_2_2010_0830_120007.jpg,10.242,70.942834,69.372632,39.967611,27.834818,0.393508,0.384798,0.221694,-0.011191,180.283077,-60.380243,123.067339,106.54803,77.494469,12.534252,0.400727,0.346938,0.252335,-0.071943,307.109839,-74.626431,101.417656,91.936088,56.092263,26.362257,0.406572,0.368561,0.224867,-0.049037,249.446008,-81.169218,122.710294,107.242424,73.00634,18.768214,0.405039,0.353983,0.240978,-0.067265,302.959059,-83.940039,104.307953,94.986887,61.343063,24.322758,0.400203,0.36444,0.235357,-0.04677,260.637902,-76.608714,132.000959,117.624247,89.372466,13.875068,0.389386,0.346977,0.263637,-0.057593,338.997671,-70.880274,107.888605,103.821068,73.552536,26.200996,0.378209,0.36395,0.257842,-0.019213,285.262209,-64.604601,56.52831,60.392381,31.151644,33.104808,0.381761,0.407857,0.210381,0.033049,148.072336,-54.617402,112.331047,108.400686,75.448167,29.022158,0.379266,0.365996,0.254738,-0.017806,296.1799,-69.8354,118.497507,109.58578,76.359372,24.314681,0.389228,0.359955,0.250817,-0.039072,304.442659,-75.364543,109.024624,101.149477,70.429885,22.844446,0.388536,0.360471,0.250994,-0.03747,280.603986,-69.314331,232.210953,254.94929,253.615619,24.072008,0.31347,0.344165,0.342365,0.046675,740.775862,20.070994,0.158839,0.47659,0.28031,0.106798,0.381734,0.482617,0.132669,0.474238,0.397718,0.114964,0.426477,0.481217,0.130723,0.425462,0.409051,0.111762,0.335398,0.51768,0.148639,0.333204,0.42522,0.180947,0.491126,0.237909,0.15067,0.336767,0.442493,0.13332,0.36628,0.464774,0.141097,0.394466,0.432489,0.490026,0.08923,0.999849,73.318543,124.893279,145.791579,123.096704,116.904716,131.376092,146.931302,131.731823,99.514656,127.800645,150.06549,127.275142,117.054159,130.4611,149.599613,130.822,103.114213,127.851523,148.71066,127.506284,127.444384,130.360137,145.794521,131.251922,111.058926,125.792681,145.769138,125.844919,62.265404,122.405287,145.102311,120.113928,115.901873,125.406225,147.116856,125.696473,118.15771,127.539797,147.972484,127.94781,108.458872,127.245408,146.717562,127.168506,250.861055,120.034483,125.791075,126.665143
cam_2_2010_0831_120007.jpg,10.243,67.598704,68.555628,44.455223,25.057328,0.374281,0.379579,0.24614,0.007028,180.609555,-47.243887,119.445954,105.783621,84.220842,7.900446,0.385994,0.341844,0.272163,-0.06066,309.450417,-56.787891,98.54548,91.070021,61.726642,21.867921,0.392077,0.362335,0.245588,-0.039424,251.342143,-66.162216,119.860198,106.994735,79.655921,14.473351,0.391047,0.349073,0.25988,-0.056712,306.510853,-67.54309,100.51692,93.090525,65.997885,19.666244,0.387191,0.358585,0.254224,-0.038358,259.60533,-61.611675,129.249041,117.088219,96.274247,8.653151,0.377247,0.341752,0.281001,-0.049367,342.611507,-53.788767,104.018028,102.05637,78.591417,21.503296,0.365404,0.358513,0.276083,-0.009519,284.665815,-48.891565,53.840445,59.458888,34.721586,30.355745,0.363735,0.401692,0.234572,0.049589,148.02092,-43.856162,108.558428,106.474545,81.415721,22.974941,0.366196,0.359167,0.274637,-0.009691,296.448694,-52.20153,113.227147,106.934441,81.601477,19.040259,0.375219,0.354366,0.270416,-0.028582,301.763066,-56.958633,104.621929,99.068793,75.631803,17.883854,0.374556,0.354675,0.270769,-0.027263,279.322525,-52.427115,228.272819,255,254.994929,26.732252,0.309201,0.345403,0.345396,0.055305,738.267748,26.717039,0.174333,0.389531,0.271334,0.102453,0.303635,0.468416,0.134036,0.398026,0.38654,0.113771,0.354309,0.47004,0.130916,0.356419,0.394204,0.107479,0.265108,0.50688,0.155881,0.263316,0.412189,0.197692,0.428964,0.233613,0.156004,0.262404,0.430261,0.136508,0.291026,0.444988,0.145808,0.321642,0.417973,0.499971,0.104812,1,71.991255,124.267692,142.38332,122.415434,115.706191,130.876577,142.274791,131.169442,98.352852,127.41546,146.175259,126.833488,116.355255,129.904363,145.391468,130.228118,100.876058,127.607868,144.819797,127.151285,126.652329,130.193562,141.399589,131.043768,109.006189,125.624243,141.653437,125.575284,60.965758,122.020608,142.275083,119.67426,113.785808,125.540227,142.476391,125.726608,115.138873,127.240997,143.27036,127.497419,106.016654,126.99376,142.37353,126.795383,249.994929,119.418864,125.002028,125.974956
cam_2_2010_0901_120007.jpg,10.244,96.174575,83.95498,68.86251,2.872874,0.386256,0.337179,0.276565,-0.067838,248.992065,-42.404534,144.501455,118.205123,98.899088,-6.990297,0.399611,0.32689,0.2735,-0.100098,361.605667,-64.908403,125.171209,105.600673,82.330404,3.699732,0.399777,0.337272,0.262951,-0.084805,313.102286,-66.111073,145.754997,119.618203,95.617988,-2.136579,0.403763,0.33136,0.264876,-0.098491,360.991188,-74.137223,124.508037,105.988579,86.280457,1.188663,0.393046,0.334584,0.27237,-0.080346,316.777073,-57.935702,154.281918,129.080137,107.248493,-3.370137,0.394976,0.330457,0.274566,-0.088938,390.610548,-68.865068,128.168707,113.918068,93.322212,6.345217,0.382127,0.339639,0.278234,-0.058866,335.408987,-55.442352,81.368443,74.807764,59.056619,9.190466,0.378048,0.347567,0.274385,-0.042008,215.232827,-38.062968,131.585334,117.285149,94.987602,7.997362,0.382673,0.341086,0.276241,-0.05746,343.858085,-58.895278,136.935365,118.176916,95.906002,3.512465,0.390109,0.336669,0.273222,-0.07353,351.018283,-63.300277,130.049799,111.960296,92.077134,1.793658,0.389269,0.335123,0.275608,-0.074747,334.087229,-57.855827,243.943205,254.993915,245.945233,20.099391,0.327492,0.342328,0.33018,0.022149,744.882353,-7.046653,0.09238,0.286997,0.377155,0.069915,0.31241,0.566672,0.090925,0.346124,0.490867,0.080658,0.344594,0.571588,0.086615,0.308338,0.488267,0.076565,0.30243,0.605027,0.099213,0.271174,0.502622,0.139477,0.299457,0.319739,0.103065,0.277087,0.516021,0.09296,0.298825,0.537001,0.095719,0.286846,0.510131,0.362991,0.043357,0.999976,92.906721,131.318543,138.761134,130.438282,131.816418,136.381719,142.652241,137.548527,117.078808,133.344203,144.140249,133.714367,132.937997,135.837524,145.203417,137.059422,117.648477,133.273266,142.006768,133.673006,142.071507,135.478219,143.589041,137.182137,124.503969,131.235167,141.60931,131.981611,81.506141,128.685054,138.339717,127.247119,127.989185,130.999472,142.459246,131.923619,129.902678,132.895845,143.154201,133.933093,122.85654,132.801042,141.796966,133.470595,252.177485,122.893509,131.002028,129.745544
cam_2_2010_0902_120035.jpg,10.245,92.826073,79.675951,65.481943,1.043887,0.390052,0.334795,0.275153,-0.076232,237.983968,-41.538138,141.068504,113.630701,96.353192,-10.160295,0.401845,0.323686,0.27447,-0.107726,351.052397,-61.99282,123.090616,102.334386,80.136473,1.441683,0.402834,0.334906,0.26226,-0.092076,305.561475,-65.152056,142.919622,115.608855,93.376961,-5.078874,0.406131,0.328523,0.265347,-0.105639,351.905437,-71.774554,122.069797,102.978849,83.770728,0.117174,0.395279,0.33346,0.271261,-0.08483,308.819374,-57.507191,149.943014,123.483151,104.483973,-7.460685,0.396769,0.326753,0.276478,-0.096772,377.910137,-64.458219,125.135611,109.700928,91.151352,3.114893,0.383866,0.336518,0.279616,-0.065725,325.987892,-52.533836,78.838676,71.3954,56.176207,7.775916,0.381951,0.345891,0.272158,-0.049545,206.410283,-37.881661,127.902928,112.981799,92.450013,5.610657,0.383707,0.338944,0.277349,-0.061943,333.33474,-55.984701,133.90397,114.092336,93.363804,0.916898,0.392266,0.334229,0.273505,-0.079887,341.360111,-61.268698,126.555739,107.34115,89.189861,-1.063301,0.391708,0.332236,0.276055,-0.08215,323.086749,-55.517166,247.475659,254.948276,247.537525,14.883367,0.329985,0.339949,0.330067,0.014873,749.96146,-7.348884,0.086029,0.297303,0.364024,0.063591,0.31424,0.55321,0.085913,0.355284,0.482708,0.075213,0.348591,0.560469,0.084325,0.316009,0.478705,0.069249,0.301749,0.588012,0.092773,0.271121,0.490728,0.128673,0.309757,0.309697,0.098133,0.276631,0.50158,0.087697,0.302505,0.525114,0.088793,0.291656,0.496373,0.333783,0.031123,0.999797,88.638866,131.91336,138.483725,130.808333,127.684068,137.16243,141.817194,138.113641,114.00913,134.064735,143.82172,134.275513,129.338384,136.600043,144.557812,137.635974,114.712352,133.632403,141.879019,133.879353,137.042603,136.397671,142.397397,137.844161,120.609175,131.999327,140.760527,132.548505,78.044234,129.160803,138.254788,127.542203,123.902137,131.523081,141.712741,132.240121,126.136288,133.577655,142.59723,134.422928,118.54783,133.535201,141.138549,133.982823,252.938134,124.738337,130.783976,131.730441
cam_2_2010_0903_120007.jpg,10.246,71.971336,69.70915,36.400324,31.04664,0.40415,0.391447,0.204403,-0.015967,178.08081,-68.879838,125.017854,107.562585,74.819523,15.287794,0.406694,0.349911,0.243395,-0.07505,307.399961,-82.941393,104.654974,93.74758,54.312624,28.527562,0.414122,0.370961,0.214916,-0.054976,252.715178,-89.777305,128.254567,110.680744,73.174296,19.932624,0.410928,0.354621,0.234451,-0.073551,312.109607,-92.586718,107.723773,96.807953,59.229695,26.662437,0.408414,0.367028,0.224558,-0.05337,263.761421,-86.072335,133.260411,117.242603,85.626164,15.59863,0.396456,0.348802,0.254742,-0.063943,336.129178,-79.250685,111.91457,105.654514,72.070766,27.323692,0.386392,0.364779,0.248829,-0.028773,289.639849,-73.427553,58.295067,62.06734,28.193381,37.646232,0.392412,0.417805,0.189783,0.031341,148.555787,-63.975645,114.10947,107.806647,71.791084,29.712741,0.388514,0.367055,0.244431,-0.028402,293.707201,-78.333949,120.905817,110.634349,73.311911,27.05097,0.396605,0.362912,0.240484,-0.044361,304.852078,-84.916343,111.591465,102.545624,68.172788,25.326996,0.39528,0.363238,0.241482,-0.042243,282.309877,-77.791513,237.606491,254.912779,246.340771,25.878296,0.321585,0.345008,0.333407,0.035138,738.860041,0.162272,0.157092,0.526985,0.283635,0.109157,0.411894,0.490266,0.131447,0.506063,0.410418,0.11413,0.450229,0.502959,0.129362,0.464282,0.422446,0.111978,0.370479,0.522604,0.141928,0.368855,0.439507,0.180202,0.554152,0.244947,0.142817,0.376838,0.447666,0.131896,0.402898,0.47414,0.139977,0.430294,0.44227,0.417245,0.067892,0.999658,73.774737,124.850688,148.088745,123.077061,118.119736,131.452746,149.03823,131.871319,101.74655,128.138532,152.187753,127.723793,120.962927,131.033527,151.601332,131.596864,105.32868,128.24154,151.091371,128.006615,127.374247,130.757671,147.926438,131.648579,113.383829,126.358133,147.890488,126.525809,64.043609,122.00281,147.674854,119.804062,115.719599,126.121868,149.176734,126.404756,119.477008,127.737027,150.366574,128.211758,110.106455,127.374062,148.87074,127.379379,250.931034,120.924949,130.251521,127.608117
cam_2_2010_0904_120007.jpg,10.247,87.788988,79.176356,64.924372,5.639352,0.378581,0.34144,0.27998,-0.051583,231.889717,-37.116599,136.50359,114.354551,96.57287,-4.367359,0.392894,0.329143,0.277963,-0.088293,347.431011,-57.712401,117.489325,101.512872,79.772705,5.763713,0.393237,0.339764,0.266999,-0.072951,298.774902,-59.456786,138.581238,116.485601,93.646357,0.743606,0.397407,0.334044,0.268548,-0.086627,348.713196,-67.774124,117.947547,102.640863,82.83291,4.501269,0.388725,0.338278,0.272996,-0.06939,303.42132,-54.922589,144.517945,123.998767,104.727808,-1.248219,0.387194,0.332219,0.280588,-0.076417,373.244521,-59.061096,122.190905,111.472353,92.465895,8.287905,0.37467,0.341804,0.283525,-0.045872,326.129154,-48.731468,75.392694,72.497918,56.825562,12.777581,0.368279,0.354139,0.277582,-0.019574,204.716174,-34.239488,123.914007,113.8689,92.46373,11.360063,0.375217,0.3448,0.279984,-0.042245,330.246637,-52.855447,130.190212,115.333333,94.525392,5.951062,0.382857,0.339167,0.277976,-0.060511,340.048938,-56.472761,123.059299,108.893683,90.443701,4.284367,0.381702,0.337763,0.280535,-0.061071,322.396684,-51.065579,240.81643,254.676471,253.64503,14.891481,0.321458,0.339959,0.338583,0.027972,749.137931,11.79716,0.109556,0.262302,0.344271,0.073646,0.28983,0.535308,0.096627,0.3259,0.460742,0.085033,0.326543,0.543456,0.094628,0.300771,0.462539,0.083572,0.273383,0.566737,0.10764,0.242965,0.47918,0.157864,0.275846,0.297554,0.115394,0.253322,0.485937,0.100479,0.273616,0.51055,0.105557,0.261601,0.483089,0.487799,0.054423,0.998731,86.848097,129.856518,137.772794,128.677528,126.968756,134.860276,141.245488,135.757692,111.984966,131.961282,142.813688,132.064003,128.796475,134.298517,144.024285,135.288454,113.350677,131.839255,141.62225,132.012491,135.97411,133.864795,141.576164,135.228331,121.202745,129.880667,140.205301,130.451263,78.041632,127.057452,137.784659,125.46508,123.505408,129.286732,141.411501,129.971465,126.106925,131.373961,141.809234,132.203777,118.815816,131.306037,140.470385,131.759986,251.877282,123.154158,126.8357,130.006228
cam_2_2010_0905_120007.jpg,10.248,74.901053,69.90332,37.639352,27.266235,0.410543,0.38315,0.206307,-0.034514,182.443725,-69.525668,129.337085,107.952843,76.653794,9.914807,0.411975,0.34386,0.244164,-0.090119,313.943722,-83.98234,108.621816,94.188714,56.170042,23.58557,0.419421,0.36369,0.216889,-0.071165,258.980573,-90.470447,132.203202,110.4755,74.874812,13.872985,0.416318,0.347896,0.235786,-0.089533,317.553514,-92.929078,109.291878,95.357022,59.384941,22.037225,0.413931,0.361155,0.224914,-0.068092,264.033841,-85.879019,137.203014,117.437671,86.512192,11.160137,0.402175,0.344238,0.253588,-0.077621,341.152877,-81.616301,113.999193,105.037132,72.939863,23.135208,0.39044,0.359746,0.249814,-0.040916,291.976187,-73.156599,60.48928,62.595545,29.56276,35.139051,0.396268,0.410066,0.193667,0.017112,152.647585,-63.959305,116.157478,107.7713,72.986547,26.398576,0.391214,0.36297,0.245816,-0.03745,296.915326,-77.955685,122.953093,109.227701,74.60868,20.893629,0.400774,0.356035,0.243192,-0.059115,306.789474,-82.963435,113.538807,101.225534,68.518323,20.393937,0.400797,0.35733,0.241873,-0.057334,283.282665,-77.727694,241.806288,254.994929,247.976673,20.206897,0.324669,0.342377,0.332954,0.026547,744.77789,-0.84787,0.145308,0.53184,0.293874,0.099789,0.419542,0.507204,0.12169,0.509284,0.425968,0.104344,0.45395,0.518444,0.120345,0.470929,0.428596,0.102996,0.383733,0.538055,0.131732,0.371287,0.447137,0.174867,0.543962,0.248679,0.135591,0.377738,0.455568,0.121151,0.403107,0.48217,0.12947,0.435823,0.448133,0.41033,0.051721,0.99998,74.766802,126.314818,147.953846,124.569533,119.627984,133.292645,148.907433,133.795915,103.167571,129.891055,151.988055,129.543027,121.963679,133.054051,151.250484,133.678293,104.697124,129.822758,150.733503,129.552784,128.578082,132.439726,148.144247,133.404619,113.514328,127.727835,147.487555,127.903866,65.058077,122.846898,147.447336,120.68181,116.26431,127.193353,148.782116,127.505815,119.014958,129.560111,149.472392,130.018142,109.622267,128.99734,148.498515,128.978231,252.063895,122.547667,130.039554,129.374961
cam_2_2010_0906_120007.jpg,10.249,75.68502,70.882267,36.546235,29.533279,0.413323,0.387095,0.199582,-0.032768,183.113522,-73.474818,131.213274,109.105376,75.413546,11.583932,0.415584,0.345563,0.238853,-0.091994,315.732195,-89.491558,111.337681,96.816984,55.944326,26.35196,0.421576,0.366594,0.211831,-0.069759,264.098991,-96.266012,133.277026,111.813454,73.334408,17.015474,0.418551,0.351145,0.230304,-0.087574,318.424887,-98.421663,110.112521,95.518613,57.745347,23.179357,0.41808,0.362669,0.21925,-0.070971,263.376481,-90.14044,138.502877,118.396438,84.833699,13.456301,0.405296,0.346459,0.248246,-0.078266,341.733014,-87.231918,114.839634,105.627068,70.307278,26.107225,0.394945,0.363262,0.241794,-0.041787,290.773981,-79.852146,62.236366,63.773314,28.697127,36.613135,0.402286,0.41222,0.185494,0.012197,154.706807,-68.615425,117.956212,109.146663,71.287787,29.049327,0.395308,0.365784,0.238908,-0.038791,298.390662,-84.527302,124.214958,110.667036,72.318006,24.801108,0.404346,0.360244,0.23541,-0.05768,307.2,-90.245983,114.499045,102.224741,66.688112,23.262324,0.404002,0.360693,0.235305,-0.056636,283.411899,-83.347562,242.391481,254.982759,241.438134,26.135903,0.328083,0.345125,0.326792,0.025316,738.812373,-14.497972,0.146901,0.548624,0.296862,0.101411,0.437504,0.514562,0.123936,0.526651,0.436622,0.10782,0.469601,0.522655,0.120456,0.488953,0.431814,0.105379,0.401813,0.543149,0.133222,0.39914,0.450461,0.171805,0.565743,0.254097,0.136619,0.401471,0.462796,0.124975,0.428081,0.487117,0.131493,0.456569,0.451754,0.322026,0.054659,0.999932,75.759514,126.013927,149.053441,124.321857,120.877159,133.391034,150.298467,133.960021,105.674882,129.674126,153.450951,129.454183,123.179562,132.651623,152.7147,133.337227,104.984772,129.966159,151.823181,129.710547,129.544658,132.331507,149.591233,133.345771,114.092964,127.540024,149.272972,127.744737,66.451291,122.971586,148.614904,120.871487,117.735162,127.098655,150.517805,127.484195,120.299538,129.139428,151.438966,129.661026,110.560345,128.721289,150.003687,128.749574,251.946247,121.805274,132.907708,128.585588
cam_2_2010_0907_120007.jpg,10.25,74.706073,70.305911,37.207449,28.6983,0.409979,0.385831,0.20419,-0.030343,182.219433,-70.597085,129.091985,108.1013,75.71764,11.392975,0.412552,0.34547,0.241978,-0.088496,312.910926,-85.758005,107.673165,94.082035,54.937736,25.553168,0.419463,0.366516,0.214021,-0.067364,256.692936,-91.879728,132.671395,111.454008,74.585859,15.650763,0.416275,0.349702,0.234023,-0.086912,318.711262,-94.953686,110.704738,96.401861,59.766497,22.332487,0.414822,0.361227,0.223951,-0.06906,266.873096,-87.573604,136.48274,117.457671,85.725753,12.706849,0.401814,0.345803,0.252382,-0.074919,339.666164,-82.488904,114.431992,105.799139,72.577694,24.588591,0.390808,0.361325,0.247867,-0.039199,292.808826,-75.075743,61.803497,63.832952,29.551936,36.31047,0.398248,0.411326,0.190426,0.016153,155.188385,-66.532577,116.634925,108.604854,72.511475,28.063308,0.391719,0.36475,0.24353,-0.035651,297.751253,-80.216829,123.589474,110.336657,73.629548,23.454294,0.401844,0.358753,0.239402,-0.056654,307.555679,-86.667036,114.129308,102.345752,68.350885,22.21131,0.400698,0.359327,0.239974,-0.054434,284.825945,-79.77329,241.377282,254.996957,245.686613,22.93002,0.32528,0.343633,0.331087,0.027438,742.060852,-5.001014,0.147821,0.529912,0.293116,0.10172,0.424708,0.506243,0.124731,0.513734,0.422248,0.106595,0.457092,0.52028,0.119858,0.473609,0.434136,0.105568,0.385388,0.535228,0.133455,0.376506,0.448932,0.172358,0.547602,0.253441,0.137731,0.383619,0.45746,0.123887,0.414066,0.484665,0.131597,0.43924,0.450574,0.385547,0.053411,0.999988,75.051336,125.91498,148.3383,124.18927,119.641568,133.009121,149.40947,133.512029,102.853436,129.398778,152.46269,129.036128,122.778208,132.703202,151.816355,133.368186,105.858714,129.942893,151.120981,129.731862,128.408356,132.036712,148.466438,132.98988,114.177452,127.472757,148.025158,127.681585,66.434846,122.786324,148.107931,120.688596,117.024004,126.9024,149.447112,127.251955,119.931487,129.15217,150.513758,129.655179,110.646317,128.637378,149.091814,128.669982,251.808316,121.814402,130.991886,128.588635
cam_2_2010_0908_120007.jpg,10.251,66.929717,66.733927,30.541053,35.997085,0.407599,0.406407,0.185994,-0.001465,164.204696,-72.581538,120.296914,105.556375,69.410052,21.405783,0.407422,0.357499,0.235078,-0.065266,295.263342,-87.033185,94.787259,86.753072,43.752523,34.966362,0.420729,0.385068,0.194203,-0.044256,225.292854,-94.035285,118.528799,104.398453,63.373952,26.894154,0.414,0.364646,0.221354,-0.063385,286.301204,-96.179347,103.78088,94.870558,53.791032,32.169205,0.411107,0.375811,0.213082,-0.044854,252.44247,-91.069374,124.709589,112.535479,78.302055,22.059315,0.395217,0.356636,0.248147,-0.051314,315.547123,-80.640959,106.252119,102.2649,65.568142,32.709539,0.387661,0.373114,0.239225,-0.019122,274.085161,-77.380735,53.325666,58.68547,23.071919,40.973356,0.394762,0.43444,0.170798,0.047851,135.083056,-65.867298,109.676602,106.11158,66.958586,35.587972,0.387897,0.375288,0.236815,-0.016521,282.746769,-81.87101,117.593167,109.920776,70.138319,32.110065,0.395069,0.369293,0.235638,-0.033723,297.652262,-87.237304,109.115015,102.407897,65.881487,29.819292,0.393343,0.369165,0.237493,-0.031709,277.404399,-79.759938,237.060852,254.842799,239.960446,32.6643,0.323914,0.348211,0.327876,0.036149,731.864097,-11.982759,0.166349,0.576629,0.266518,0.118226,0.432732,0.471753,0.140736,0.561458,0.371731,0.124254,0.48481,0.464819,0.136847,0.494262,0.406984,0.123464,0.383975,0.48907,0.150875,0.396074,0.418133,0.190503,0.61514,0.230629,0.153049,0.397583,0.431343,0.140827,0.412944,0.461402,0.146772,0.435333,0.433703,0.359873,0.069774,0.999384,70.068016,123.638543,149.567773,121.702412,115.466136,130.015137,150.555211,130.293835,93.655385,126.632457,153.890643,125.820787,113.722437,129.304535,153.162153,129.493291,102.743655,127.022843,152.747462,126.661383,121.828767,128.894247,148.919589,129.492152,109.316023,125.0896,149.379658,125.056048,59.882077,121.087531,148.41913,118.707666,113.236349,124.659984,150.507782,124.818197,118.116159,126.396491,151.341644,126.798787,109.602123,126.197042,149.710088,126.177351,250.732252,120.118661,133.279919,126.747904
cam_2_2010_0909_120007.jpg,10.252,81.091336,75.20081,68.269312,1.040972,0.36111,0.334879,0.304012,-0.037689,224.561457,-19.753522,122.084223,108.242383,97.737435,-3.336891,0.372135,0.329943,0.297922,-0.060097,328.06404,-34.851737,99.965744,90.173406,77.102355,3.278712,0.374065,0.337423,0.288512,-0.051501,267.241505,-35.934441,120.69697,106.758435,93.200086,-0.380185,0.376407,0.332938,0.290655,-0.06128,320.655491,-41.055233,111.353638,101.55753,88.720389,3.041032,0.369171,0.336694,0.294135,-0.04601,301.631557,-35.470389,125.17,113.951918,104.621096,-1.88726,0.364138,0.331503,0.304358,-0.046914,343.743014,-29.879726,110.976994,105.125656,95.376699,3.897619,0.35629,0.337504,0.306206,-0.027077,311.479349,-25.349253,66.836074,66.266028,59.699938,5.996045,0.346656,0.3437,0.309644,-0.004283,192.80204,-13.702227,116.823002,111.789765,98.904774,7.851754,0.356692,0.341325,0.301983,-0.022016,327.517542,-30.803218,123.956787,115.33518,102.972853,3.74072,0.362166,0.336976,0.300857,-0.03603,342.26482,-33.34626,117.454765,108.898088,99.697302,0.644108,0.360235,0.333992,0.305773,-0.037802,326.050155,-26.958248,229.62069,254.216024,254.711968,24.099391,0.310908,0.34421,0.344882,0.050834,738.548682,25.587221,0.15807,0.160997,0.31801,0.083555,0.198005,0.478762,0.099939,0.231792,0.392216,0.090832,0.227358,0.473321,0.094531,0.20431,0.436681,0.108757,0.163129,0.490866,0.117367,0.140636,0.435428,0.2486,0.144008,0.265559,0.119933,0.153636,0.458547,0.101056,0.168902,0.486114,0.114253,0.148276,0.461742,0.503293,0.098903,0.999304,82.400972,129.555951,133.084372,128.153748,119.235591,132.271104,135.972831,132.750164,99.003776,130.483833,137.07517,129.921155,117.438642,131.969912,137.705136,132.354883,111.199239,130.401438,136.774958,130.462765,124.338767,131.283699,134.794932,132.021913,114.089466,129.04924,134.398359,129.256198,71.17933,127.251249,132.026853,125.314002,120.583223,128.297811,136.00765,128.830283,125.033056,129.806833,136.164912,130.572085,118.30628,130.170254,134.432122,130.594266,249.75355,119.849899,124.796146,126.41831
cam_2_2010_0910_120007.jpg,10.253,77.69166,71.220567,38.705263,26.044211,0.414096,0.379605,0.206299,-0.043456,187.61749,-71.5017,130.518533,107.817582,75.727731,9.3889,0.41558,0.343298,0.241122,-0.095248,314.063846,-86.880652,112.043317,96.221048,56.990938,23.40784,0.422398,0.362749,0.214853,-0.075972,265.255303,-94.282488,134.367397,111.216742,74.075543,13.990544,0.420345,0.347922,0.231733,-0.094268,319.659682,-97.433054,111.199662,95.360829,58.735195,20.786802,0.419154,0.359451,0.221395,-0.076679,265.295685,-89.090102,137.706712,117.113425,84.463973,12.056164,0.405874,0.345178,0.248948,-0.080815,339.28411,-85.892192,117.103861,106.306068,72.57312,22.935154,0.395644,0.359163,0.245194,-0.048332,295.983049,-78.263689,62.911844,64.10408,29.576395,35.719921,0.401756,0.409369,0.188875,0.009387,156.592319,-67.863135,118.954893,109.378528,73.164864,26.637299,0.394546,0.362783,0.242671,-0.04194,301.498285,-82.003693,125.378024,110.330563,73.807941,21.475162,0.405077,0.356461,0.238462,-0.063839,309.516528,-88.092705,115.590187,101.920924,67.596338,20.655324,0.405427,0.357483,0.237091,-0.062844,285.107449,-82.318436,243.475659,254.974645,242.593306,23.880325,0.328558,0.344075,0.327367,0.023069,741.043611,-13.263692,0.139746,0.54249,0.304722,0.098362,0.431385,0.511837,0.119433,0.520013,0.43939,0.103568,0.469052,0.526931,0.116658,0.486784,0.436077,0.103242,0.401857,0.540026,0.127772,0.391815,0.459356,0.170734,0.556918,0.256155,0.133177,0.39078,0.466589,0.119796,0.422443,0.491679,0.126689,0.453541,0.455321,0.322277,0.049072,0.999901,76.495385,127.002267,148.240648,125.333576,119.783621,133.805744,149.549971,134.319119,105.502643,130.437221,152.779364,130.207173,123.003439,133.530196,152.290135,134.211118,105.145939,130.670474,151.409052,130.421736,128.361781,132.67589,149.226027,133.631249,115.188887,128.397417,148.631912,128.658687,66.931411,123.17142,148.371149,121.091098,118.165128,127.590609,149.725666,127.999156,120.379871,130.004617,150.709141,130.533805,110.597277,129.47453,149.561419,129.504856,251.985801,122.218053,132.341785,129.02324
cam_2_2010_0911_120007.jpg,10.254,90.618785,78.907206,65.457004,1.738623,0.38564,0.3358,0.278561,-0.069084,234.982996,-38.611984,138.004463,113.130798,95.944304,-7.687173,0.397616,0.325951,0.276433,-0.099045,347.079565,-59.246652,120.47587,102.113682,80.855015,2.896478,0.397028,0.336515,0.266457,-0.082493,303.444566,-60.879522,139.362992,114.392865,92.740275,-3.317537,0.402206,0.330142,0.267652,-0.098402,346.496132,-68.275306,120.050761,101.945008,82.832487,1.006768,0.393831,0.334434,0.271735,-0.081559,304.828257,-56.330795,143.136438,120.580959,102.051918,-4.026438,0.39133,0.329664,0.279006,-0.085529,365.769315,-59.613562,123.516346,110.306875,91.836943,5.26046,0.37928,0.338718,0.282002,-0.056493,325.660164,-50.149334,76.594817,71.203164,55.904351,9.907161,0.376013,0.349545,0.274441,-0.03648,203.702331,-35.98928,125.549723,112.819309,92.377473,7.711422,0.379595,0.341105,0.2793,-0.053406,330.746505,-53.614086,131.335549,113.955309,94.003139,2.57193,0.387085,0.33586,0.277055,-0.070856,339.293998,-57.28458,123.984656,107.096857,89.455506,0.753552,0.386803,0.334117,0.27908,-0.073082,320.537019,-52.170501,244.262677,254.997972,249.060852,16.672414,0.326414,0.34076,0.332826,0.021502,748.321501,-1.138945,0.089305,0.279939,0.355368,0.067562,0.303393,0.541194,0.089045,0.336085,0.472464,0.077434,0.336867,0.546522,0.086043,0.31337,0.470787,0.075664,0.286331,0.561319,0.098475,0.256662,0.484378,0.14317,0.292552,0.301009,0.104476,0.263507,0.492352,0.091482,0.284606,0.515041,0.09326,0.275887,0.486359,0.406399,0.0421,0.999992,87.488907,131.319676,137.812794,130.160402,126.528236,136.071415,141.382108,136.953384,113.14526,133.114299,142.911306,133.278487,127.537503,135.665485,143.899097,136.598517,113.394247,133.215736,141.703046,133.393056,133.171507,134.873699,141.57726,136.099278,120.67725,131.030674,140.358133,131.57932,77.325978,128.25281,137.97679,126.609463,123.156423,130.628066,141.310472,131.302027,125.435088,132.629732,141.7747,133.432537,117.783334,132.605878,140.485514,133.010629,252.761663,123.255578,129.803245,130.156037
cam_2_2010_0912_120007.jpg,10.255,75.283077,71.224615,36.070283,31.09587,0.412334,0.390105,0.197561,-0.027701,182.577976,-74.367126,130.584514,109.583738,75.886862,12.696099,0.41317,0.346724,0.240106,-0.087442,316.055114,-88.394527,111.897508,98.130432,56.582618,27.780737,0.419704,0.368067,0.212229,-0.065549,266.610558,-96.862703,134.15216,112.849559,74.083065,17.463894,0.417809,0.351463,0.230727,-0.086245,321.084784,-98.83559,111.369289,97.249577,58.566413,24.563452,0.416824,0.363978,0.219198,-0.067682,267.185279,-91.486041,137.080548,118.419178,84.29726,15.460548,0.403419,0.3485,0.248081,-0.073039,339.796986,-86.905205,116.907978,107.982376,72.725548,26.331226,0.392815,0.362825,0.24436,-0.039689,297.615902,-79.439257,63.848356,66.028414,29.449001,38.759471,0.400741,0.414424,0.184835,0.016786,159.32577,-70.978768,118.541018,110.112371,72.244263,29.439462,0.393958,0.365946,0.240096,-0.036862,300.897652,-84.164864,126.56916,112.961034,74.501939,24.85097,0.403045,0.359712,0.237243,-0.056812,314.032133,-90.526316,116.180639,104.314127,68.209578,24.238038,0.402421,0.361318,0.236261,-0.053818,288.704344,-84.07561,241.204868,254.991886,241.86714,26.911765,0.326808,0.345488,0.327705,0.027785,738.063895,-12.462475,0.150518,0.549655,0.295627,0.103431,0.429115,0.512096,0.126019,0.522255,0.438834,0.108238,0.467307,0.526087,0.122146,0.488286,0.436742,0.10899,0.400007,0.537571,0.13418,0.388741,0.458511,0.173606,0.564698,0.261903,0.137574,0.396239,0.465048,0.124583,0.420634,0.49635,0.132512,0.450949,0.458477,0.341808,0.055266,0.999968,75.934089,125.56081,149.421538,123.88342,121.081506,132.876965,150.096255,133.454407,106.87252,129.264571,153.628269,129.106032,124.171072,132.541586,152.804857,133.278157,106.654399,129.660745,152.162437,129.49063,129.187534,131.638356,149.67411,132.628872,116.438585,127.386116,149.149603,127.707758,68.78674,122.521857,149.290591,120.541651,118.620153,126.916645,150.408863,127.34568,122.660757,129.182087,151.449492,129.823476,112.649797,128.475893,150.188094,128.609397,251.897566,121.805274,132.840771,128.583263
cam_2_2010_0913_120007.jpg,10.256,71.793522,70.300891,40.131984,28.676275,0.39398,0.385789,0.220231,-0.010505,182.226397,-61.830445,124.787891,107.98137,77.613817,13.561032,0.402045,0.347897,0.250058,-0.072202,310.383078,-77.541626,105.652502,95.782934,58.40022,27.513146,0.406613,0.368629,0.224758,-0.048996,259.835656,-84.634997,125.159037,109.094778,74.243284,18.787234,0.405706,0.353633,0.240661,-0.068576,308.497099,-85.767247,106.156091,95.547377,60.596447,24.342217,0.404713,0.364268,0.23102,-0.052596,262.299915,-80.510575,131.002877,117.317397,87.535342,16.096575,0.390057,0.349309,0.260634,-0.055112,335.855616,-73.249589,111.563164,106.597202,75.808556,25.822683,0.379507,0.362614,0.257879,-0.022763,293.968922,-66.543253,59.676936,64.050375,32.436303,35.98751,0.382144,0.410149,0.207707,0.035347,156.163614,-58.854704,114.917172,110.320232,77.000791,28.722501,0.380221,0.365011,0.254769,-0.020409,302.238196,-71.235822,122.036934,112.367128,78.14903,24.548292,0.390452,0.359514,0.250034,-0.041253,312.553093,-78.106002,111.628918,103.235165,71.773448,23.067965,0.389443,0.360159,0.250398,-0.039065,286.637531,-71.317188,232.704868,254.981744,252.962475,24.296146,0.31419,0.344268,0.341542,0.045679,740.649087,18.238337,0.160373,0.471635,0.283812,0.107552,0.387183,0.489364,0.13284,0.475655,0.41449,0.114693,0.425079,0.49082,0.127903,0.441403,0.416298,0.115508,0.344258,0.513748,0.145184,0.331911,0.438942,0.185202,0.50105,0.25227,0.147807,0.335808,0.451499,0.131974,0.368339,0.478712,0.140032,0.392542,0.442542,0.484719,0.087406,0.999972,74.401619,124.738138,146.244372,122.996775,118.521444,131.381719,147.619833,131.820763,103.467838,127.804901,150.87204,127.477512,119.150655,130.600043,149.968622,131.0687,104.064721,128.341794,149.6489,128.04307,126.99137,129.901781,146.55589,130.767353,114.213642,126.078165,146.108704,126.286498,66.209097,121.932973,146.29923,119.839029,118.036138,125.605117,147.353205,126.000953,121.210157,127.764358,148.542198,128.326028,110.862102,127.38517,147.148338,127.428236,250.948276,120.056795,126.248479,126.692794
cam_2_2010_0914_120007.jpg,10.257,66.06753,66.76081,43.410364,24.043725,0.374875,0.378809,0.246316,0.005219,176.238704,-46.007611,119.25752,104.684262,83.041141,7.069862,0.388483,0.34101,0.270507,-0.065076,306.982923,-57.859499,102.263884,94.199698,65.165992,20.96952,0.390873,0.36005,0.249077,-0.041047,261.629574,-66.131599,121.300236,106.53084,80.36815,11.393295,0.393577,0.345656,0.260767,-0.064826,308.199226,-67.094778,100.089255,91.876904,66.576988,17.087563,0.387128,0.355364,0.257508,-0.04278,258.543147,-58.812183,126.123973,114.034795,92.920137,9.025479,0.378661,0.342366,0.278973,-0.050338,333.078904,-54.318493,106.854837,103.339836,80.316965,19.50787,0.367816,0.355717,0.276467,-0.016723,290.511637,-49.560743,56.379371,61.357202,36.637802,29.697231,0.365212,0.397457,0.237331,0.042279,154.374376,-44.46097,110.118702,106.453442,80.974677,21.813506,0.370089,0.35777,0.272141,-0.016924,297.546821,-54.622791,116.691043,108.04783,83.265374,16.139243,0.378862,0.3508,0.270338,-0.038459,308.004247,-58.208126,106.078048,99.145155,76.093373,16.118889,0.377077,0.352433,0.27049,-0.033782,281.316576,-53.036458,228.165314,254.991886,254.945233,26.873225,0.309124,0.34547,0.345406,0.055523,738.102434,26.733266,0.173139,0.388215,0.264904,0.100575,0.311772,0.467677,0.131987,0.391443,0.401314,0.107335,0.354321,0.475687,0.126061,0.346673,0.392507,0.107632,0.274568,0.494731,0.146724,0.261481,0.421567,0.196731,0.41428,0.241205,0.147778,0.271505,0.433735,0.126673,0.295862,0.458122,0.140136,0.321641,0.422343,0.499708,0.105234,1,70.087126,124.534575,142.010526,122.585346,114.853872,131.285077,142.493887,131.534975,101.546441,127.731516,146.007757,127.308071,116.438534,130.889963,145.061896,131.22045,99.865905,128.207276,143.954315,127.69776,123.503425,130.18274,141.593014,130.872117,110.744114,126.36338,141.609579,126.400254,63.258535,122.347523,142.321191,120.104894,114.092851,126.109206,142.945925,126.311616,116.881071,128.316713,143.291597,128.66297,106.466751,127.643303,142.339478,127.466442,249.963489,119.34787,124.986815,125.898593
none,10.258, , , , , , , , , , , , , , , , , , , , , , , , , , , , , , , , , , , , , , , , , , , , , , , , , , , , , , , , , , , , , , , , , , , , , , , , , , , , , , , , , , , , , , , , , , , , , , , , , , , , , , , , , , , , , , , , , , , , , , , , , , , , , , , , , , , , , , , , , , , , , , , , , , , , , , , , , , , , , , , , , , , , , , , , , , , , , , , , , , , , , , , , , , , , , , , , , , , , , , , , , , , , 
cam_2_2010_0916_120007.jpg,10.259,71.650526,71.494413,46.423482,24.914818,0.377967,0.377143,0.24489,-0.001091,189.568421,-50.297976,122.706579,108.050068,84.168446,9.225112,0.389637,0.343098,0.267265,-0.063515,314.925092,-62.419755,103.389442,95.702135,64.190362,23.824466,0.392695,0.363497,0.243808,-0.038612,263.281939,-70.710853,122.444552,107.856007,79.622287,13.645175,0.395081,0.348009,0.25691,-0.063346,309.922845,-71.055985,101.763536,93.927242,64.705161,21.385787,0.390803,0.360709,0.248488,-0.040044,260.395939,-66.280457,127.732055,115.968904,92.807123,11.39863,0.379581,0.344624,0.275795,-0.048269,336.508082,-58.086712,108.181757,104.534374,79.914839,20.972151,0.369687,0.357223,0.273091,-0.017147,292.63097,-52.886452,60.114176,64.581495,37.771857,31.276957,0.370007,0.397504,0.232489,0.035826,162.467527,-49.151957,110.805592,107.793722,80.361646,24.420206,0.370636,0.360561,0.268803,-0.013778,298.96096,-57.876022,115.803324,108.189474,80.274238,20.301385,0.380598,0.355574,0.263828,-0.033991,304.267036,-63.444321,104.281028,98.190337,73.011233,19.088412,0.378539,0.35643,0.26503,-0.030082,275.482597,-56.448899,226.912779,254.966531,254.783976,28.236308,0.308028,0.34611,0.345862,0.058217,736.663286,27.688641,0.16732,0.379857,0.284659,0.103528,0.322133,0.481202,0.135178,0.403656,0.405777,0.110441,0.364707,0.480175,0.131081,0.375453,0.399073,0.112167,0.282809,0.500923,0.147036,0.273695,0.426613,0.186604,0.419368,0.253931,0.15209,0.283396,0.437405,0.132741,0.315693,0.454419,0.143468,0.3404,0.415254,0.498895,0.110101,0.999948,75.659433,124.719028,143.111741,123.039451,118.332234,131.045799,143.687755,131.473996,103.09851,127.301984,147.281046,126.957445,117.769289,130.58328,146.13819,130.981138,101.858291,127.569797,146.085448,127.162489,125.44726,129.788904,142.630411,130.575133,112.010359,126.231804,142.507467,126.331322,66.924438,122.381453,143.538197,120.314139,115.272224,125.640728,143.923503,125.900495,116.694922,127.530379,144.899354,127.865204,105.283716,127.063734,143.447031,126.828727,249.638945,118.806288,124.849899,125.312164
none,10.26, , , , , , , , , , , , , , , , , , , , , , , , , , , , , , , , , , , , , , , , , , , , , , , , , , , , , , , , , , , , , , , , , , , , , , , , , , , , , , , , , , , , , , , , , , , , , , , , , , , , , , , , , , , , , , , , , , , , , , , , , , , , , , , , , , , , , , , , , , , , , , , , , , , , , , , , , , , , , , , , , , , , , , , , , , , , , , , , , , , , , , , , , , , , , , , , , , , , , , , , , , , , 
none,10.261, , , , , , , , , , , , , , , , , , , , , , , , , , , , , , , , , , , , , , , , , , , , , , , , , , , , , , , , , , , , , , , , , , , , , , , , , , , , , , , , , , , , , , , , , , , , , , , , , , , , , , , , , , , , , , , , , , , , , , , , , , , , , , , , , , , , , , , , , , , , , , , , , , , , , , , , , , , , , , , , , , , , , , , , , , , , , , , , , , , , , , , , , , , , , , , , , , , , , , , , , , , , 
none,10.262, , , , , , , , , , , , , , , , , , , , , , , , , , , , , , , , , , , , , , , , , , , , , , , , , , , , , , , , , , , , , , , , , , , , , , , , , , , , , , , , , , , , , , , , , , , , , , , , , , , , , , , , , , , , , , , , , , , , , , , , , , , , , , , , , , , , , , , , , , , , , , , , , , , , , , , , , , , , , , , , , , , , , , , , , , , , , , , , , , , , , , , , , , , , , , , , , , , , , , , , , , , , 
none,10.263, , , , , , , , , , , , , , , , , , , , , , , , , , , , , , , , , , , , , , , , , , , , , , , , , , , , , , , , , , , , , , , , , , , , , , , , , , , , , , , , , , , , , , , , , , , , , , , , , , , , , , , , , , , , , , , , , , , , , , , , , , , , , , , , , , , , , , , , , , , , , , , , , , , , , , , , , , , , , , , , , , , , , , , , , , , , , , , , , , , , , , , , , , , , , , , , , , , , , , , , , , , , 
none,10.264, , , , , , , , , , , , , , , , , , , , , , , , , , , , , , , , , , , , , , , , , , , , , , , , , , , , , , , , , , , , , , , , , , , , , , , , , , , , , , , , , , , , , , , , , , , , , , , , , , , , , , , , , , , , , , , , , , , , , , , , , , , , , , , , , , , , , , , , , , , , , , , , , , , , , , , , , , , , , , , , , , , , , , , , , , , , , , , , , , , , , , , , , , , , , , , , , , , , , , , , , , , , 
none,10.265, , , , , , , , , , , , , , , , , , , , , , , , , , , , , , , , , , , , , , , , , , , , , , , , , , , , , , , , , , , , , , , , , , , , , , , , , , , , , , , , , , , , , , , , , , , , , , , , , , , , , , , , , , , , , , , , , , , , , , , , , , , , , , , , , , , , , , , , , , , , , , , , , , , , , , , , , , , , , , , , , , , , , , , , , , , , , , , , , , , , , , , , , , , , , , , , , , , , , , , , , , , , 
none,10.266, , , , , , , , , , , , , , , , , , , , , , , , , , , , , , , , , , , , , , , , , , , , , , , , , , , , , , , , , , , , , , , , , , , , , , , , , , , , , , , , , , , , , , , , , , , , , , , , , , , , , , , , , , , , , , , , , , , , , , , , , , , , , , , , , , , , , , , , , , , , , , , , , , , , , , , , , , , , , , , , , , , , , , , , , , , , , , , , , , , , , , , , , , , , , , , , , , , , , , , , , , , , 
none,10.267, , , , , , , , , , , , , , , , , , , , , , , , , , , , , , , , , , , , , , , , , , , , , , , , , , , , , , , , , , , , , , , , , , , , , , , , , , , , , , , , , , , , , , , , , , , , , , , , , , , , , , , , , , , , , , , , , , , , , , , , , , , , , , , , , , , , , , , , , , , , , , , , , , , , , , , , , , , , , , , , , , , , , , , , , , , , , , , , , , , , , , , , , , , , , , , , , , , , , , , , , , , , 
none,10.268, , , , , , , , , , , , , , , , , , , , , , , , , , , , , , , , , , , , , , , , , , , , , , , , , , , , , , , , , , , , , , , , , , , , , , , , , , , , , , , , , , , , , , , , , , , , , , , , , , , , , , , , , , , , , , , , , , , , , , , , , , , , , , , , , , , , , , , , , , , , , , , , , , , , , , , , , , , , , , , , , , , , , , , , , , , , , , , , , , , , , , , , , , , , , , , , , , , , , , , , , , , , 
none,10.269, , , , , , , , , , , , , , , , , , , , , , , , , , , , , , , , , , , , , , , , , , , , , , , , , , , , , , , , , , , , , , , , , , , , , , , , , , , , , , , , , , , , , , , , , , , , , , , , , , , , , , , , , , , , , , , , , , , , , , , , , , , , , , , , , , , , , , , , , , , , , , , , , , , , , , , , , , , , , , , , , , , , , , , , , , , , , , , , , , , , , , , , , , , , , , , , , , , , , , , , , , , , 
none,10.27, , , , , , , , , , , , , , , , , , , , , , , , , , , , , , , , , , , , , , , , , , , , , , , , , , , , , , , , , , , , , , , , , , , , , , , , , , , , , , , , , , , , , , , , , , , , , , , , , , , , , , , , , , , , , , , , , , , , , , , , , , , , , , , , , , , , , , , , , , , , , , , , , , , , , , , , , , , , , , , , , , , , , , , , , , , , , , , , , , , , , , , , , , , , , , , , , , , , , , , , , , , , 
none,10.271, , , , , , , , , , , , , , , , , , , , , , , , , , , , , , , , , , , , , , , , , , , , , , , , , , , , , , , , , , , , , , , , , , , , , , , , , , , , , , , , , , , , , , , , , , , , , , , , , , , , , , , , , , , , , , , , , , , , , , , , , , , , , , , , , , , , , , , , , , , , , , , , , , , , , , , , , , , , , , , , , , , , , , , , , , , , , , , , , , , , , , , , , , , , , , , , , , , , , , , , , , , , 
none,10.272, , , , , , , , , , , , , , , , , , , , , , , , , , , , , , , , , , , , , , , , , , , , , , , , , , , , , , , , , , , , , , , , , , , , , , , , , , , , , , , , , , , , , , , , , , , , , , , , , , , , , , , , , , , , , , , , , , , , , , , , , , , , , , , , , , , , , , , , , , , , , , , , , , , , , , , , , , , , , , , , , , , , , , , , , , , , , , , , , , , , , , , , , , , , , , , , , , , , , , , , , , , , 
none,10.273, , , , , , , , , , , , , , , , , , , , , , , , , , , , , , , , , , , , , , , , , , , , , , , , , , , , , , , , , , , , , , , , , , , , , , , , , , , , , , , , , , , , , , , , , , , , , , , , , , , , , , , , , , , , , , , , , , , , , , , , , , , , , , , , , , , , , , , , , , , , , , , , , , , , , , , , , , , , , , , , , , , , , , , , , , , , , , , , , , , , , , , , , , , , , , , , , , , , , , , , , , , , 
none,10.274, , , , , , , , , , , , , , , , , , , , , , , , , , , , , , , , , , , , , , , , , , , , , , , , , , , , , , , , , , , , , , , , , , , , , , , , , , , , , , , , , , , , , , , , , , , , , , , , , , , , , , , , , , , , , , , , , , , , , , , , , , , , , , , , , , , , , , , , , , , , , , , , , , , , , , , , , , , , , , , , , , , , , , , , , , , , , , , , , , , , , , , , , , , , , , , , , , , , , , , , , , , , 
none,10.275, , , , , , , , , , , , , , , , , , , , , , , , , , , , , , , , , , , , , , , , , , , , , , , , , , , , , , , , , , , , , , , , , , , , , , , , , , , , , , , , , , , , , , , , , , , , , , , , , , , , , , , , , , , , , , , , , , , , , , , , , , , , , , , , , , , , , , , , , , , , , , , , , , , , , , , , , , , , , , , , , , , , , , , , , , , , , , , , , , , , , , , , , , , , , , , , , , , , , , , , , , , , 
none,10.276, , , , , , , , , , , , , , , , , , , , , , , , , , , , , , , , , , , , , , , , , , , , , , , , , , , , , , , , , , , , , , , , , , , , , , , , , , , , , , , , , , , , , , , , , , , , , , , , , , , , , , , , , , , , , , , , , , , , , , , , , , , , , , , , , , , , , , , , , , , , , , , , , , , , , , , , , , , , , , , , , , , , , , , , , , , , , , , , , , , , , , , , , , , , , , , , , , , , , , , , , , , , 
none,10.277, , , , , , , , , , , , , , , , , , , , , , , , , , , , , , , , , , , , , , , , , , , , , , , , , , , , , , , , , , , , , , , , , , , , , , , , , , , , , , , , , , , , , , , , , , , , , , , , , , , , , , , , , , , , , , , , , , , , , , , , , , , , , , , , , , , , , , , , , , , , , , , , , , , , , , , , , , , , , , , , , , , , , , , , , , , , , , , , , , , , , , , , , , , , , , , , , , , , , , , , , , , , 
none,10.278, , , , , , , , , , , , , , , , , , , , , , , , , , , , , , , , , , , , , , , , , , , , , , , , , , , , , , , , , , , , , , , , , , , , , , , , , , , , , , , , , , , , , , , , , , , , , , , , , , , , , , , , , , , , , , , , , , , , , , , , , , , , , , , , , , , , , , , , , , , , , , , , , , , , , , , , , , , , , , , , , , , , , , , , , , , , , , , , , , , , , , , , , , , , , , , , , , , , , , , , , , , , 
none,10.279, , , , , , , , , , , , , , , , , , , , , , , , , , , , , , , , , , , , , , , , , , , , , , , , , , , , , , , , , , , , , , , , , , , , , , , , , , , , , , , , , , , , , , , , , , , , , , , , , , , , , , , , , , , , , , , , , , , , , , , , , , , , , , , , , , , , , , , , , , , , , , , , , , , , , , , , , , , , , , , , , , , , , , , , , , , , , , , , , , , , , , , , , , , , , , , , , , , , , , , , , , , , 
none,10.28, , , , , , , , , , , , , , , , , , , , , , , , , , , , , , , , , , , , , , , , , , , , , , , , , , , , , , , , , , , , , , , , , , , , , , , , , , , , , , , , , , , , , , , , , , , , , , , , , , , , , , , , , , , , , , , , , , , , , , , , , , , , , , , , , , , , , , , , , , , , , , , , , , , , , , , , , , , , , , , , , , , , , , , , , , , , , , , , , , , , , , , , , , , , , , , , , , , , , , , , , , , , 
none,10.281, , , , , , , , , , , , , , , , , , , , , , , , , , , , , , , , , , , , , , , , , , , , , , , , , , , , , , , , , , , , , , , , , , , , , , , , , , , , , , , , , , , , , , , , , , , , , , , , , , , , , , , , , , , , , , , , , , , , , , , , , , , , , , , , , , , , , , , , , , , , , , , , , , , , , , , , , , , , , , , , , , , , , , , , , , , , , , , , , , , , , , , , , , , , , , , , , , , , , , , , , , , , 
none,10.282, , , , , , , , , , , , , , , , , , , , , , , , , , , , , , , , , , , , , , , , , , , , , , , , , , , , , , , , , , , , , , , , , , , , , , , , , , , , , , , , , , , , , , , , , , , , , , , , , , , , , , , , , , , , , , , , , , , , , , , , , , , , , , , , , , , , , , , , , , , , , , , , , , , , , , , , , , , , , , , , , , , , , , , , , , , , , , , , , , , , , , , , , , , , , , , , , , , , , , , , , , , , 
none,10.283, , , , , , , , , , , , , , , , , , , , , , , , , , , , , , , , , , , , , , , , , , , , , , , , , , , , , , , , , , , , , , , , , , , , , , , , , , , , , , , , , , , , , , , , , , , , , , , , , , , , , , , , , , , , , , , , , , , , , , , , , , , , , , , , , , , , , , , , , , , , , , , , , , , , , , , , , , , , , , , , , , , , , , , , , , , , , , , , , , , , , , , , , , , , , , , , , , , , , , , , , , , , 
none,10.284, , , , , , , , , , , , , , , , , , , , , , , , , , , , , , , , , , , , , , , , , , , , , , , , , , , , , , , , , , , , , , , , , , , , , , , , , , , , , , , , , , , , , , , , , , , , , , , , , , , , , , , , , , , , , , , , , , , , , , , , , , , , , , , , , , , , , , , , , , , , , , , , , , , , , , , , , , , , , , , , , , , , , , , , , , , , , , , , , , , , , , , , , , , , , , , , , , , , , , , , , , , , 
none,10.285, , , , , , , , , , , , , , , , , , , , , , , , , , , , , , , , , , , , , , , , , , , , , , , , , , , , , , , , , , , , , , , , , , , , , , , , , , , , , , , , , , , , , , , , , , , , , , , , , , , , , , , , , , , , , , , , , , , , , , , , , , , , , , , , , , , , , , , , , , , , , , , , , , , , , , , , , , , , , , , , , , , , , , , , , , , , , , , , , , , , , , , , , , , , , , , , , , , , , , , , , , , , 
none,10.286, , , , , , , , , , , , , , , , , , , , , , , , , , , , , , , , , , , , , , , , , , , , , , , , , , , , , , , , , , , , , , , , , , , , , , , , , , , , , , , , , , , , , , , , , , , , , , , , , , , , , , , , , , , , , , , , , , , , , , , , , , , , , , , , , , , , , , , , , , , , , , , , , , , , , , , , , , , , , , , , , , , , , , , , , , , , , , , , , , , , , , , , , , , , , , , , , , , , , , , , , , , , 
none,10.287, , , , , , , , , , , , , , , , , , , , , , , , , , , , , , , , , , , , , , , , , , , , , , , , , , , , , , , , , , , , , , , , , , , , , , , , , , , , , , , , , , , , , , , , , , , , , , , , , , , , , , , , , , , , , , , , , , , , , , , , , , , , , , , , , , , , , , , , , , , , , , , , , , , , , , , , , , , , , , , , , , , , , , , , , , , , , , , , , , , , , , , , , , , , , , , , , , , , , , , , , , , , 
none,10.288, , , , , , , , , , , , , , , , , , , , , , , , , , , , , , , , , , , , , , , , , , , , , , , , , , , , , , , , , , , , , , , , , , , , , , , , , , , , , , , , , , , , , , , , , , , , , , , , , , , , , , , , , , , , , , , , , , , , , , , , , , , , , , , , , , , , , , , , , , , , , , , , , , , , , , , , , , , , , , , , , , , , , , , , , , , , , , , , , , , , , , , , , , , , , , , , , , , , , , , , , , , , 
none,10.289, , , , , , , , , , , , , , , , , , , , , , , , , , , , , , , , , , , , , , , , , , , , , , , , , , , , , , , , , , , , , , , , , , , , , , , , , , , , , , , , , , , , , , , , , , , , , , , , , , , , , , , , , , , , , , , , , , , , , , , , , , , , , , , , , , , , , , , , , , , , , , , , , , , , , , , , , , , , , , , , , , , , , , , , , , , , , , , , , , , , , , , , , , , , , , , , , , , , , , , , , , , , 
none,10.29, , , , , , , , , , , , , , , , , , , , , , , , , , , , , , , , , , , , , , , , , , , , , , , , , , , , , , , , , , , , , , , , , , , , , , , , , , , , , , , , , , , , , , , , , , , , , , , , , , , , , , , , , , , , , , , , , , , , , , , , , , , , , , , , , , , , , , , , , , , , , , , , , , , , , , , , , , , , , , , , , , , , , , , , , , , , , , , , , , , , , , , , , , , , , , , , , , , , , , , , , , , , 
none,10.291, , , , , , , , , , , , , , , , , , , , , , , , , , , , , , , , , , , , , , , , , , , , , , , , , , , , , , , , , , , , , , , , , , , , , , , , , , , , , , , , , , , , , , , , , , , , , , , , , , , , , , , , , , , , , , , , , , , , , , , , , , , , , , , , , , , , , , , , , , , , , , , , , , , , , , , , , , , , , , , , , , , , , , , , , , , , , , , , , , , , , , , , , , , , , , , , , , , , , , , , , , , , 
none,10.292, , , , , , , , , , , , , , , , , , , , , , , , , , , , , , , , , , , , , , , , , , , , , , , , , , , , , , , , , , , , , , , , , , , , , , , , , , , , , , , , , , , , , , , , , , , , , , , , , , , , , , , , , , , , , , , , , , , , , , , , , , , , , , , , , , , , , , , , , , , , , , , , , , , , , , , , , , , , , , , , , , , , , , , , , , , , , , , , , , , , , , , , , , , , , , , , , , , , , , , , , , , , 
none,10.293, , , , , , , , , , , , , , , , , , , , , , , , , , , , , , , , , , , , , , , , , , , , , , , , , , , , , , , , , , , , , , , , , , , , , , , , , , , , , , , , , , , , , , , , , , , , , , , , , , , , , , , , , , , , , , , , , , , , , , , , , , , , , , , , , , , , , , , , , , , , , , , , , , , , , , , , , , , , , , , , , , , , , , , , , , , , , , , , , , , , , , , , , , , , , , , , , , , , , , , , , , , , 
none,10.294, , , , , , , , , , , , , , , , , , , , , , , , , , , , , , , , , , , , , , , , , , , , , , , , , , , , , , , , , , , , , , , , , , , , , , , , , , , , , , , , , , , , , , , , , , , , , , , , , , , , , , , , , , , , , , , , , , , , , , , , , , , , , , , , , , , , , , , , , , , , , , , , , , , , , , , , , , , , , , , , , , , , , , , , , , , , , , , , , , , , , , , , , , , , , , , , , , , , , , , , , , , , 
none,10.295, , , , , , , , , , , , , , , , , , , , , , , , , , , , , , , , , , , , , , , , , , , , , , , , , , , , , , , , , , , , , , , , , , , , , , , , , , , , , , , , , , , , , , , , , , , , , , , , , , , , , , , , , , , , , , , , , , , , , , , , , , , , , , , , , , , , , , , , , , , , , , , , , , , , , , , , , , , , , , , , , , , , , , , , , , , , , , , , , , , , , , , , , , , , , , , , , , , , , , , , , , , , 
none,10.296, , , , , , , , , , , , , , , , , , , , , , , , , , , , , , , , , , , , , , , , , , , , , , , , , , , , , , , , , , , , , , , , , , , , , , , , , , , , , , , , , , , , , , , , , , , , , , , , , , , , , , , , , , , , , , , , , , , , , , , , , , , , , , , , , , , , , , , , , , , , , , , , , , , , , , , , , , , , , , , , , , , , , , , , , , , , , , , , , , , , , , , , , , , , , , , , , , , , , , , , , , , , 
none,10.297, , , , , , , , , , , , , , , , , , , , , , , , , , , , , , , , , , , , , , , , , , , , , , , , , , , , , , , , , , , , , , , , , , , , , , , , , , , , , , , , , , , , , , , , , , , , , , , , , , , , , , , , , , , , , , , , , , , , , , , , , , , , , , , , , , , , , , , , , , , , , , , , , , , , , , , , , , , , , , , , , , , , , , , , , , , , , , , , , , , , , , , , , , , , , , , , , , , , , , , , , , , , 
none,10.298, , , , , , , , , , , , , , , , , , , , , , , , , , , , , , , , , , , , , , , , , , , , , , , , , , , , , , , , , , , , , , , , , , , , , , , , , , , , , , , , , , , , , , , , , , , , , , , , , , , , , , , , , , , , , , , , , , , , , , , , , , , , , , , , , , , , , , , , , , , , , , , , , , , , , , , , , , , , , , , , , , , , , , , , , , , , , , , , , , , , , , , , , , , , , , , , , , , , , , , , , , , , 
none,10.299, , , , , , , , , , , , , , , , , , , , , , , , , , , , , , , , , , , , , , , , , , , , , , , , , , , , , , , , , , , , , , , , , , , , , , , , , , , , , , , , , , , , , , , , , , , , , , , , , , , , , , , , , , , , , , , , , , , , , , , , , , , , , , , , , , , , , , , , , , , , , , , , , , , , , , , , , , , , , , , , , , , , , , , , , , , , , , , , , , , , , , , , , , , , , , , , , , , , , , , , , , , , 
cam_2_2010_1027_120007.jpg,10.3,66.975709,66.047287,40.614089,24.504777,0.385722,0.380375,0.233902,-0.006979,173.637085,-51.794818,122.829032,106.734524,81.691054,8.948962,0.394626,0.342917,0.262457,-0.070109,311.254609,-66.181448,107.235807,97.045582,65.118899,21.736459,0.398054,0.360228,0.241718,-0.049883,269.400288,-74.043592,121.052117,105.239953,76.517301,12.910488,0.399763,0.347545,0.252691,-0.069875,302.80937,-73.257468,97.595178,87.770305,58.963198,18.982234,0.399442,0.35923,0.241327,-0.053003,244.32868,-67.439086,129.035479,114.312466,88.272329,11.317123,0.389106,0.344709,0.266185,-0.060502,331.620274,-66.803288,112.359209,104.602987,79.212297,17.634468,0.379368,0.35318,0.267451,-0.035749,296.174492,-58.537603,66.084097,68.505516,41.397065,29.529871,0.375506,0.389265,0.235228,0.017991,175.986678,-51.795483,115.783698,108.224479,79.309945,21.355315,0.381724,0.356802,0.261474,-0.033745,303.318122,-65.388288,124.582271,113.183564,85.194275,16.590582,0.385751,0.350457,0.263792,-0.047941,322.960111,-67.377285,109.377072,101.430303,75.395673,18.08786,0.382166,0.3544,0.263434,-0.037697,286.203049,-60.016029,185.883367,211.369168,203.874239,32.98073,0.309225,0.351622,0.339153,0.064155,601.126775,10.495943,0.162834,0.423063,0.265122,0.102354,0.34101,0.481682,0.128085,0.416287,0.420616,0.10808,0.382533,0.474714,0.124617,0.408127,0.382726,0.107131,0.328925,0.506025,0.12903,0.302624,0.440649,0.17881,0.409183,0.270489,0.133144,0.319461,0.454114,0.120001,0.322031,0.488558,0.136591,0.34028,0.432457,0.451172,0.120571,0.828899,69.698462,125.023968,143.552551,123.048023,117.211915,131.591888,144.552106,131.964057,105.06096,128.386833,147.838608,128.138164,115.326778,131.150763,146.673329,131.424728,95.82445,128.662014,146.324027,127.946776,124.222603,130.798082,144.718082,131.527607,112.925333,127.869501,143.517153,128.016191,71.695878,123.319005,143.830558,121.466603,116.67502,127.358217,145.407544,127.691597,122.709695,129.132779,145.346999,129.776402,109.075312,127.795998,144.066889,127.749656,210.711968,118.015213,128.498986,122.676211
cam_2_2010_1028_120007.jpg,10.301,83.880648,75.966478,73.299757,-5.247449,0.359776,0.325831,0.314393,-0.049511,233.146883,-13.247611,132.648166,113.683679,105.435086,-10.715894,0.377091,0.323179,0.29973,-0.076988,351.766932,-35.461673,118.615981,104.289215,92.645157,-2.682707,0.375902,0.330499,0.293599,-0.064273,315.550354,-37.614883,131.850634,112.479261,102.066946,-8.959059,0.380635,0.324712,0.294653,-0.079284,346.396841,-40.196003,111.957276,99.127327,91.28934,-4.991963,0.370261,0.32783,0.301909,-0.060781,302.373942,-28.505922,139.156438,120.837397,111.500548,-8.982192,0.374586,0.325274,0.300141,-0.07046,371.494384,-36.99274,124.286964,112.060541,103.723396,-3.889278,0.365474,0.329521,0.305005,-0.051731,340.0709,-28.900713,82.486886,78.924126,72.192756,3.168609,0.353106,0.337855,0.309039,-0.022073,233.603768,-17.0255,125.880506,114.175152,102.727776,-0.257979,0.36723,0.333082,0.299687,-0.048761,342.783434,-34.600106,135.27036,119.839335,109.080148,-4.671837,0.371428,0.329057,0.299515,-0.060488,364.189843,-36.9494,122.653235,110.146498,102.56838,-4.928621,0.365727,0.328435,0.305838,-0.053723,335.368113,-27.662972,192.454361,212.540568,219.058824,13.567951,0.308394,0.340581,0.351026,0.049596,624.053753,33.122718,0.270289,0.137761,0.32931,0.111859,0.201752,0.520189,0.096277,0.217132,0.465161,0.11375,0.224521,0.517061,0.067626,0.185647,0.439048,0.164086,0.199369,0.545712,0.133955,0.164655,0.4874,0.218032,0.156739,0.324408,0.086156,0.181905,0.493649,0.068789,0.191641,0.530472,0.114998,0.154342,0.481244,0.541005,0.121439,0.859054,83.886964,131.037571,130.76502,129.695693,125.984669,134.641374,135.413546,135.485373,114.877394,132.390884,136.682021,132.644108,124.628519,134.55158,136.680529,135.323458,109.65736,132.297377,134.434433,132.279601,132.73274,134.182877,135.803836,135.37909,122.606485,131.895466,134.390959,132.54752,85.657577,128.583888,132.489592,127.35642,124.695859,131.189132,136.031654,131.945186,131.318375,132.766574,136.18892,133.876522,120.358739,131.997315,134.026589,132.533521,213.516227,121.818458,122.192698,126.76363
cam_2_2010_1029_120007.jpg,10.302,93.263806,81.511417,72.898623,-3.139595,0.376559,0.329108,0.294333,-0.067243,247.673846,-28.977976,145.639433,119.261401,105.047545,-12.164176,0.393675,0.322373,0.283952,-0.099577,369.94838,-54.805744,129.99849,109.513352,91.758015,-2.7298,0.392425,0.330587,0.276989,-0.085529,331.269857,-55.995812,143.20879,117.592091,100.434021,-8.458629,0.396442,0.325528,0.27803,-0.098223,361.234902,-59.932839,119.098139,101.631557,87.564298,-3.399323,0.386314,0.329658,0.284029,-0.079131,308.293993,-45.6011,152.490137,127.059041,110.821781,-9.193836,0.390629,0.325483,0.283888,-0.090972,390.370959,-57.905616,134.076281,115.898157,101.325979,-3.605946,0.381657,0.329912,0.288431,-0.07272,351.300417,-47.322481,91.569838,83.386969,71.63749,3.566611,0.371338,0.338154,0.290507,-0.046771,246.594296,-31.681828,137.681614,119.311527,101.84938,-0.90794,0.383683,0.33249,0.283828,-0.071481,358.842522,-53.294381,147.069991,124.144783,107.218467,-5.998892,0.388629,0.328049,0.283322,-0.084528,378.433241,-56.777839,132.821885,114.2139,100.45485,-4.848934,0.382232,0.328682,0.289086,-0.075325,347.490634,-46.126085,207.685598,220.118661,216.255578,16.296146,0.322463,0.341767,0.335769,0.029063,644.059838,4.706897,0.128497,0.220815,0.36574,0.060819,0.272995,0.571135,0.077548,0.293612,0.509798,0.066975,0.295761,0.561603,0.074517,0.265144,0.467052,0.067277,0.269754,0.598001,0.080061,0.240828,0.525789,0.134701,0.243528,0.359678,0.081322,0.257432,0.539928,0.071426,0.26944,0.576745,0.081347,0.235367,0.520887,0.448396,0.056481,0.86321,90.609069,131.938947,134.918219,130.935646,133.235397,136.944886,139.802251,138.192717,121.485824,134.208622,141.057665,134.813131,131.127767,136.356437,141.380722,137.486204,113.151438,133.428511,138.72335,133.59341,140.411644,136.214795,140.585616,137.839311,127.777479,133.541908,138.744652,134.472903,91.333784,129.878226,136.112406,128.927507,131.305724,133.239251,140.394883,134.35249,137.224931,135.161034,140.692521,136.604073,125.745977,133.747496,138.395375,134.573372,221.179513,122.996957,128.841785,128.359601
cam_2_2010_1030_120007.jpg,10.303,87.245506,82.632874,77.98834,0.031903,0.351986,0.333376,0.314638,-0.027153,247.866721,-13.9017,137.062294,120.506113,110.585096,-6.635164,0.372297,0.327326,0.300378,-0.064279,368.153503,-36.398215,121.48809,109.819592,96.470035,1.68106,0.370642,0.335043,0.294315,-0.050446,327.777717,-38.367612,135.966581,119.433699,106.794326,-3.89351,0.375396,0.32975,0.294853,-0.064733,362.194606,-41.811627,113.382826,103.378173,93.958968,-0.585448,0.364904,0.332705,0.302391,-0.046155,310.719966,-28.843063,143.921096,128.409726,117.037534,-4.139178,0.369627,0.32979,0.300583,-0.056958,389.368356,-38.255753,126.915646,117.730391,107.299072,1.246065,0.360612,0.334514,0.304874,-0.037545,351.94511,-30.047895,85.956599,84.782681,76.493235,7.115529,0.347675,0.342927,0.309398,-0.006875,247.232515,-17.75281,130.201002,121.420206,107.212609,5.4268,0.362845,0.338374,0.298781,-0.034897,358.833817,-37.195991,139.907295,126.799631,113.992428,-0.300462,0.367501,0.33307,0.299429,-0.049146,380.699354,-38.722068,125.781678,116.022336,106.852681,-0.589687,0.360761,0.33277,0.30647,-0.040361,348.656694,-28.098652,196.179513,222.591278,229.416836,19.586207,0.302659,0.343406,0.353936,0.06307,648.187627,40.06288,0.198765,0.110727,0.342501,0.07428,0.186983,0.537499,0.091474,0.20256,0.476424,0.079229,0.210777,0.533202,0.08132,0.170997,0.444639,0.108997,0.182426,0.564396,0.127973,0.151179,0.497709,0.212452,0.149356,0.339532,0.105178,0.173984,0.510592,0.083364,0.183301,0.548656,0.113323,0.14199,0.494035,0.534244,0.14487,0.899674,90.155304,129.224939,131.362105,128.219281,132.142441,133.323695,135.878129,134.481386,119.781286,131.007208,137.183222,131.509725,130.841608,133.000215,137.354288,134.08725,113.290609,130.868866,134.78934,131.037744,139.479589,132.688219,136.384521,134.222178,127.539082,130.294094,135.020987,131.190266,91.258743,127.290799,132.997918,126.355274,131.114218,129.5732,137.033764,130.646077,137.597415,131.518744,136.814035,132.942108,125.590127,130.617532,134.451745,131.416099,221.549696,119.911765,121.452333,125.157302
cam_2_2010_1031_120007.jpg,10.304,94.477733,80.364211,67.984615,-1.733927,0.389075,0.330953,0.279972,-0.080722,242.826559,-38.872713,146.228411,117.807879,99.916553,-10.529206,0.401778,0.32369,0.274532,-0.107639,363.952843,-64.203183,132.121096,109.496808,86.981465,-0.108945,0.402073,0.333223,0.264704,-0.093637,328.599368,-67.654974,144.625725,116.697507,95.319364,-6.550075,0.40552,0.327211,0.267269,-0.106872,356.642596,-70.684505,121.524535,101.362098,83.588409,-2.388748,0.396523,0.330735,0.272741,-0.090461,306.475042,-55.709814,153.949726,126.19137,104.660959,-6.227945,0.400075,0.327938,0.271986,-0.099087,384.802055,-70.819178,136.741423,116.321539,96.572582,-0.670927,0.391097,0.332694,0.276209,-0.080691,349.635544,-59.917799,94.269983,84.206391,67.332744,6.810054,0.383509,0.342568,0.273923,-0.056386,245.809117,-43.810887,141.898971,120.652862,97.813769,1.592983,0.393764,0.334807,0.271429,-0.080922,360.365603,-66.924294,151.557525,125.039889,103.348846,-4.826593,0.398892,0.329099,0.272009,-0.095871,379.94626,-69.899723,135.567267,114.231378,95.848463,-2.952973,0.392213,0.330486,0.277302,-0.085412,345.647108,-58.10172,210.349899,220.209939,207.611562,22.458418,0.329613,0.345064,0.325323,0.022901,638.1714,-15.336714,0.080353,0.282229,0.370501,0.063057,0.311978,0.573445,0.082731,0.343602,0.518123,0.071386,0.339417,0.56716,0.078427,0.313479,0.476567,0.071332,0.318725,0.603724,0.08133,0.291608,0.536241,0.127543,0.308585,0.370142,0.08603,0.308325,0.556467,0.074975,0.316556,0.594343,0.081019,0.287798,0.531637,0.297707,0.057189,0.863568,89.849555,132.476923,137.566964,131.430072,132.163012,137.449835,142.213662,138.644463,121.834489,134.714766,144.10462,135.339974,130.718998,136.934129,144.13271,138.046732,113.449662,134.257191,141.291878,134.438815,139.997123,136.663151,143.904932,138.270798,128.570564,133.903673,142.036324,134.878836,92.434326,130.094713,139.336282,129.198555,133.109734,133.834608,143.790029,135.047503,138.807941,136.124284,143.895476,137.662112,126.293701,134.398106,141.417821,135.256868,221.451318,122.680527,133.027383,128.042452
cam_2_2010_1101_120007.jpg,10.305,72.183158,70.62332,46.359028,22.704453,0.381587,0.373341,0.245071,-0.010923,189.165506,-50.088421,129.1438,112.089074,88.092956,6.941393,0.392146,0.340359,0.267495,-0.070698,329.32583,-65.046963,113.368298,102.159607,71.633212,19.317704,0.39479,0.355757,0.249453,-0.052006,287.161118,-72.261481,126.880507,110.220288,82.039222,11.520847,0.39757,0.345367,0.257063,-0.070266,319.140017,-73.022351,101.627327,91.850677,64.37775,17.696277,0.394125,0.35621,0.249666,-0.050531,257.855753,-64.722504,136.089589,120.637123,95.129315,10.055342,0.386776,0.342859,0.270364,-0.06019,351.856027,-66.468082,117.492264,109.272434,84.490112,16.562492,0.377479,0.351071,0.27145,-0.036248,311.25481,-57.784475,73.667152,74.990841,47.979808,28.334721,0.374634,0.381365,0.244001,0.008904,196.637802,-52.698376,122.52862,114.376682,85.972303,20.25244,0.379489,0.354242,0.266269,-0.03441,322.877605,-64.960696,132.865005,119.605355,91.929086,14.41662,0.385788,0.347287,0.266926,-0.05252,344.399446,-68.612188,115.635839,106.859141,81.998185,16.084258,0.379765,0.350941,0.269294,-0.039447,304.493165,-58.498611,188.654158,214.059838,207.919878,31.545639,0.308948,0.350553,0.340498,0.063086,610.633874,13.125761,0.158301,0.381934,0.28479,0.098858,0.321639,0.506446,0.12383,0.386373,0.444585,0.105237,0.364594,0.497571,0.123785,0.375806,0.398539,0.104534,0.310017,0.533685,0.126707,0.286684,0.460758,0.170698,0.374608,0.296919,0.130494,0.300135,0.480504,0.114516,0.31129,0.521039,0.132165,0.31279,0.456281,0.459877,0.118688,0.83945,75.02834,125.442591,142.859919,123.722224,122.984669,132.007762,143.976907,132.67995,110.760486,128.90705,147.047367,128.945494,120.689985,131.498066,146.331507,132.049326,100.238579,128.67555,145.430626,128.182979,130.771644,131.086301,144.342055,132.154097,117.869501,128.136419,143.147585,128.531858,79.044754,123.84159,143.726686,122.338239,123.128198,127.636508,144.994724,128.29362,129.665928,129.922068,145.266297,130.924044,114.984579,128.270076,143.390485,128.52081,213.111562,118.25355,127.93002,123.035239
cam_2_2010_1102_120007.jpg,10.306,73.196599,68.526316,42.205668,21.650364,0.397962,0.37257,0.229468,-0.032954,183.928583,-57.311579,131.304095,109.738987,83.270134,4.903745,0.404868,0.338373,0.256758,-0.089466,324.313216,-74.502814,118.563328,103.821995,71.03913,18.041532,0.404068,0.353829,0.242104,-0.066287,293.424453,-80.307064,129.547281,109.1657,79.597786,9.186331,0.406984,0.342953,0.250063,-0.085381,318.310767,-79.517408,105.519882,90.962352,60.507191,15.897631,0.4106,0.353954,0.235446,-0.074091,256.989425,-75.467851,139.271096,119.416986,91.587123,7.975753,0.397605,0.340923,0.261472,-0.076749,350.275205,-75.513836,122.1866,109.860487,83.698103,13.836271,0.386979,0.34794,0.265081,-0.053119,315.74519,-64.650881,76.160699,75.067964,45.751145,28.224084,0.386642,0.381095,0.232263,-0.007226,196.979808,-59.726374,126.341862,114.156951,82.897916,19.074123,0.390671,0.352994,0.256335,-0.050665,323.396729,-74.702981,136.259464,118.728901,88.722253,12.476085,0.396437,0.345433,0.258131,-0.06875,343.710619,-77.54386,119.130049,106.506191,78.69017,15.192162,0.391455,0.349974,0.258572,-0.055948,304.32641,-68.2559,199.133874,219.953347,212.94929,27.823529,0.315067,0.348007,0.336926,0.049678,632.036511,6.811359,0.143114,0.453291,0.287407,0.092421,0.372984,0.514918,0.116246,0.4182,0.464956,0.099274,0.397741,0.508029,0.112744,0.440203,0.413803,0.097834,0.354492,0.546161,0.114518,0.319845,0.479163,0.159993,0.419668,0.302004,0.120843,0.347102,0.495458,0.106619,0.353912,0.534351,0.122055,0.363392,0.468477,0.444034,0.094628,0.862562,73.317733,126.70753,144.546721,124.884817,121.628372,133.794489,146.173297,134.404611,113.357109,130.291961,148.798311,130.463492,120.532452,133.033742,147.730174,133.583221,100.402707,130.678934,147.939086,130.187105,130.551644,132.752603,146.35274,133.822518,119.479349,129.764967,144.50787,130.247354,79.630724,124.633326,145.386241,123.149003,123.81588,129.136639,147.2134,129.836301,129.777101,131.576177,147.240259,132.596646,115.433022,129.634025,145.635748,129.910223,219.19574,120.034483,129.027383,125.174582
cam_2_2010_1103_120007.jpg,10.307,87.127449,74.298462,61.147692,0.321781,0.391455,0.333815,0.27473,-0.079473,222.573603,-39.130526,136.611683,110.480109,92.421308,-8.072773,0.402375,0.325407,0.272217,-0.105757,339.513099,-62.249175,125.314203,104.626416,82.227981,1.710647,0.401431,0.33516,0.263409,-0.08997,312.1686,-65.484657,137.05158,110.995917,89.981625,-5.041371,0.405443,0.328362,0.266195,-0.105043,338.029121,-68.084247,115.565567,95.845601,76.751269,-0.625635,0.401043,0.33261,0.266347,-0.093278,288.162437,-57.908629,145.517397,119.76726,99.151918,-5.134795,0.399294,0.328637,0.272069,-0.097066,364.436575,-66.980822,131.269609,112.104668,92.926678,0.01305,0.390334,0.333346,0.27632,-0.078747,336.300955,-57.52092,88.56786,79.830037,62.612614,8.4796,0.383393,0.345569,0.271038,-0.051888,231.010512,-43.172669,134.066737,115.154313,91.93168,4.310208,0.392982,0.337545,0.269474,-0.075886,341.15273,-65.357689,143.035272,119.338504,96.778024,-1.136288,0.398259,0.332279,0.269463,-0.090317,359.151801,-68.817729,128.89572,109.602371,90.336645,-0.027624,0.391977,0.333305,0.274717,-0.080895,328.834736,-57.8248,201.189655,212.456389,203.123732,20.599391,0.326199,0.344466,0.329335,0.027238,616.769777,-7.39858,0.101721,0.300019,0.341676,0.065965,0.319893,0.535732,0.086706,0.345344,0.491428,0.073789,0.343751,0.537457,0.082038,0.339666,0.453198,0.078603,0.318035,0.570656,0.083933,0.289759,0.514783,0.131743,0.316123,0.347811,0.092348,0.312933,0.525752,0.081999,0.322513,0.560923,0.088098,0.296206,0.505481,0.361466,0.053259,0.833162,82.768583,131.929231,137.905425,130.52036,124.084029,136.631671,142.10557,137.386308,116.490904,133.927301,143.855976,134.268207,124.401247,136.301848,143.781216,137.071619,107.551184,134.008037,142.098562,133.879347,133.012466,136.034521,143.226164,137.262164,123.963137,133.49065,141.578367,134.22161,87.371565,129.502914,139.423085,128.353719,126.958322,132.918227,143.759958,133.802176,132.365651,134.958818,144.069067,136.142521,120.964767,133.487593,141.703106,134.061577,214.223124,122.578093,131.149087,127.588082
cam_2_2010_1104_120007.jpg,10.308,63.931984,63.715466,40.243077,23.25587,0.380796,0.379506,0.239698,-0.001696,167.890526,-47.161296,119.368911,104.539297,81.122453,8.587231,0.391334,0.342717,0.265949,-0.066231,305.030662,-61.663303,108.336995,98.97817,69.756504,19.862841,0.391007,0.357229,0.251763,-0.045143,277.071669,-67.802156,117.962927,103.704599,76.509994,12.936278,0.395613,0.347795,0.256592,-0.064323,298.17752,-68.647539,94.148477,85.373942,58.401861,18.197547,0.395708,0.358828,0.245464,-0.048877,237.924281,-62.718697,126.205753,113.168356,88.82411,11.306849,0.384541,0.344817,0.270642,-0.054465,328.198219,-61.72589,110.921431,104.509888,81.059868,17.038477,0.374114,0.352489,0.273397,-0.029761,296.491188,-53.311583,67.767381,70.047981,43.737614,28.590966,0.373265,0.385827,0.240908,0.016548,181.552977,-50.340133,116.178845,108.914534,80.303086,21.347138,0.38042,0.356633,0.262947,-0.032272,305.396465,-64.487207,126.087165,114.530933,87.034164,15.940536,0.38482,0.34955,0.26563,-0.048027,327.652262,-66.549769,108.949788,101.651749,76.981253,17.372457,0.378847,0.35347,0.267684,-0.034653,287.582791,-56.639031,181.834686,208.403651,205.965517,29.007099,0.304987,0.349551,0.345462,0.068084,596.203854,21.692698,0.167821,0.411989,0.254366,0.102905,0.327807,0.468113,0.128058,0.374127,0.425027,0.110276,0.365598,0.4626,0.126118,0.392274,0.36921,0.109454,0.309523,0.494925,0.132901,0.275714,0.435105,0.17555,0.386757,0.276572,0.133611,0.313214,0.455678,0.118902,0.315185,0.494459,0.136645,0.32515,0.430729,0.484956,0.128107,0.817846,66.877895,124.970526,142.246964,122.857196,114.620997,131.213274,143.506113,131.451053,106.999314,128.246379,146.109082,128.095466,113.369547,130.607028,145.60101,130.779611,93.043147,128.370981,145.189086,127.517347,122.624247,130.253699,143.52726,130.898544,112.545944,127.517153,142.232342,127.644468,73.438489,123.452019,143.318485,121.681983,117.319177,127.294909,145.141124,127.660279,124.130009,129.212927,145.046168,129.928919,109.202576,127.682079,143.192233,127.642151,208.128803,118.522312,126.005071,123.083274
cam_2_2010_1105_120007.jpg,10.309,70.707206,67.863644,46.448259,18.571822,0.382162,0.366793,0.251046,-0.020521,185.019109,-45.674332,128.239666,109.838153,89.386571,2.050068,0.391614,0.33542,0.272966,-0.077292,327.46439,-59.304677,116.164825,103.457816,76.763232,13.987575,0.391938,0.349065,0.258998,-0.057858,296.385872,-66.096176,125.801096,107.864711,83.603374,6.324952,0.396512,0.339979,0.263509,-0.076761,317.269181,-66.459059,100.798223,89.552876,64.400169,13.90736,0.395673,0.351531,0.252796,-0.059077,254.751269,-61.550761,135.690274,118.608904,97.125342,4.402192,0.386115,0.337509,0.276376,-0.06717,351.424521,-60.048493,118.287098,108.843536,87.736849,11.663124,0.375673,0.34568,0.278647,-0.041578,314.867483,-51.656935,74.923605,74.835762,50.427144,24.320774,0.374269,0.37383,0.251901,-0.000587,200.186511,-48.905079,123.591664,113.189132,88.135057,14.651543,0.380381,0.348364,0.271255,-0.043933,324.915853,-60.510683,134.064451,118.641182,94.443583,8.774331,0.386187,0.341758,0.272055,-0.061033,347.149215,-63.818467,116.618902,106.367308,84.231863,11.883852,0.379596,0.346227,0.274176,-0.045974,307.218074,-54.522485,191.86714,215.77789,219.268763,20.419878,0.30605,0.344191,0.349759,0.058656,626.913793,30.892495,0.149914,0.370564,0.278327,0.087915,0.305851,0.502901,0.114555,0.353769,0.455608,0.09613,0.345916,0.493338,0.11558,0.37215,0.395287,0.093422,0.293491,0.532119,0.116664,0.261814,0.463882,0.165293,0.347542,0.298462,0.118529,0.288648,0.484673,0.103358,0.298803,0.525743,0.122888,0.298909,0.459266,0.520965,0.124942,0.859878,72.299271,126.388826,141.369555,124.520218,121.15195,133.019794,142.240637,133.601532,112.631908,129.977689,145.094666,130.111842,118.748442,132.487427,144.401676,132.94196,98.251269,129.666244,144.395516,129.068826,129.279178,132.228356,142.430274,133.228064,117.868828,129.095385,141.285215,129.49375,79.334305,124.720545,142.407057,123.220686,122.605909,128.995779,143.527302,129.633469,129.389843,131.214589,143.702862,132.212326,114.948261,129.224883,142.109297,129.475643,215.826572,120.109533,123.336714,125.094153
cam_2_2010_1106_120007.jpg,10.31,74.883401,68.101215,38.159514,23.159514,0.413391,0.37595,0.210658,-0.047433,181.14413,-66.665587,134.345624,110.065981,79.636911,6.149428,0.414585,0.339659,0.245756,-0.099339,324.048515,-85.137784,121.590032,102.732889,66.56223,17.313517,0.418,0.353173,0.228826,-0.084062,290.885151,-91.198462,132.264346,108.055126,74.683108,9.162798,0.419883,0.343029,0.237087,-0.100738,315.002579,-90.953256,105.615482,89.166244,55.18401,17.532995,0.42252,0.356714,0.220766,-0.08445,249.965736,-84.413706,143.016712,118.995753,87.74726,7.227534,0.4089,0.340221,0.250879,-0.091679,349.759726,-86.517945,124.031347,108.422575,77.885511,14.928293,0.399664,0.349368,0.250969,-0.067148,310.339432,-76.682901,79.831807,75.695046,42.705037,28.853247,0.402719,0.381851,0.21543,-0.026598,198.23189,-70.116778,130.837774,113.672382,78.855447,17.651543,0.404613,0.351529,0.243858,-0.070203,323.365603,-86.799261,140.970268,118.891967,84.881625,11.932041,0.408913,0.34487,0.246216,-0.084962,344.74386,-90.098984,122.141061,106.196484,74.369844,15.882064,0.403495,0.350822,0.245682,-0.069829,302.707389,-79.597857,198.98783,213.758621,201.01217,27.517241,0.324212,0.348278,0.32751,0.035787,613.758621,-10.72211,0.137247,0.518764,0.293817,0.093462,0.416023,0.526846,0.110664,0.471802,0.476824,0.097031,0.450153,0.518684,0.112552,0.48913,0.414178,0.094811,0.40022,0.56085,0.111416,0.379824,0.486397,0.15375,0.48679,0.313776,0.112407,0.401516,0.513089,0.102339,0.403128,0.552825,0.116835,0.416886,0.479541,0.355399,0.069372,0.838269,73.348178,127.405992,146.973603,125.574752,122.54182,134.599263,148.794295,135.26127,113.269376,131.879454,151.37022,132.048537,120.275844,134.412315,150.491833,134.953962,98.941624,131.299069,150.288494,130.729675,131.123425,134.279589,148.906027,135.39192,118.658819,130.829409,147.479214,131.273656,80.938801,125.740633,147.892069,124.307624,124.444738,131.026378,149.942759,131.768591,131.003324,133.155494,150.136288,134.252242,115.856764,130.732154,148.385491,131.032416,214.656187,121.003043,132.692698,125.969206
none,10.311, , , , , , , , , , , , , , , , , , , , , , , , , , , , , , , , , , , , , , , , , , , , , , , , , , , , , , , , , , , , , , , , , , , , , , , , , , , , , , , , , , , , , , , , , , , , , , , , , , , , , , , , , , , , , , , , , , , , , , , , , , , , , , , , , , , , , , , , , , , , , , , , , , , , , , , , , , , , , , , , , , , , , , , , , , , , , , , , , , , , , , , , , , , , , , , , , , , , , , , , , , , , 
cam_2_2010_1108_120007.jpg,10.312,106.457814,93.640486,76.711093,4.112065,0.384589,0.338285,0.277126,-0.064055,276.809393,-46.676113,164.048904,133.881816,110.912866,-7.198137,0.401251,0.327465,0.271284,-0.101255,408.843586,-76.104987,145.205121,122.346468,96.913434,2.57438,0.398406,0.335688,0.265906,-0.085436,364.465024,-73.72472,160.875672,131.890178,106.848915,-3.94423,0.402577,0.330043,0.26738,-0.099006,399.614765,-79.068021,134.610406,113.610406,92.422589,0.187817,0.395165,0.333517,0.271318,-0.084602,340.643401,-63.375635,172.272603,142.865068,116.788082,-3.330548,0.398848,0.330763,0.270389,-0.093316,431.925753,-81.561507,149.5224,128.89883,106.242163,2.033096,0.38871,0.335095,0.276195,-0.074073,384.663393,-65.936903,107.869484,98.563385,78.030183,11.227102,0.379204,0.346489,0.274307,-0.045081,284.463052,-50.372502,159.63809,136.182274,107.718808,5.00765,0.395595,0.33747,0.266935,-0.079291,403.539172,-80.382749,168.970822,140.376177,113.505448,-1.723915,0.399598,0.331974,0.268428,-0.092435,422.852447,-82.336103,149.483758,128.379265,105.767181,1.507592,0.389656,0.334643,0.275701,-0.075953,383.630204,-66.32866,172.721095,185.44929,181.570994,16.606491,0.320007,0.343589,0.336404,0.035537,539.741379,4.971602,0.097354,0.283654,0.417482,0.07045,0.318254,0.643329,0.088724,0.329253,0.569432,0.076659,0.334005,0.630885,0.084122,0.314551,0.527884,0.078406,0.319103,0.675579,0.086424,0.285139,0.586362,0.13238,0.300142,0.423354,0.090363,0.322849,0.626032,0.080727,0.32711,0.662631,0.091413,0.288601,0.586236,0.449496,0.068637,0.727252,103.278543,131.244049,139.736032,130.898107,148.132156,137.336891,144.844945,139.390598,134.710235,134.231688,145.35244,135.532432,145.899205,136.703095,145.876639,138.627617,125.981387,134.083756,142.997462,134.924088,156.279041,136.585479,146.151918,139.064321,140.941612,133.502623,143.336472,135.12254,107.02602,129.185887,140.941819,129.035222,148.776049,133.981008,146.776312,136.018362,154.142013,136.199446,146.637858,138.557139,140.132702,133.620689,143.411424,135.199651,189.245436,122.754564,128.791075,126.569363
cam_2_2010_1109_120007.jpg,10.313,88.274656,79.146559,71.294737,-1.276275,0.36979,0.331551,0.298659,-0.054522,238.715951,-24.831741,134.645643,113.165341,100.753736,-9.068698,0.386286,0.324661,0.289053,-0.08668,348.56472,-46.303513,121.0335,104.896547,88.772431,-0.012837,0.384597,0.33332,0.282084,-0.071425,314.702478,-48.385186,133.431764,112.590587,97.20793,-5.458521,0.388753,0.328032,0.283215,-0.084713,343.230282,-51.60649,113.47758,98.740694,85.336294,-1.332487,0.381367,0.331841,0.286792,-0.069442,297.554569,-41.545685,141.460685,121.230411,106.434384,-5.434247,0.383232,0.328426,0.288342,-0.077012,369.125479,-49.822329,123.645096,110.326651,97.290865,-0.282658,0.373254,0.333049,0.293697,-0.056923,331.262613,-39.390017,87.870525,81.815987,70.076499,5.68495,0.366489,0.341237,0.292274,-0.035681,239.76301,-29.533514,134.151939,119.087312,100.098918,3.923767,0.37967,0.337035,0.283295,-0.059488,353.338169,-53.041414,140.894183,121.790582,104.618467,-1.931487,0.383591,0.33158,0.284829,-0.072724,367.303232,-53.44783,124.150275,109.731632,96.631486,-1.318496,0.375629,0.332004,0.292368,-0.061649,330.513393,-40.618936,153.532454,168.158215,170.158215,12.625761,0.312154,0.34189,0.345956,0.045465,491.848884,18.625761,0.144099,0.198635,0.346178,0.109245,0.249152,0.528022,0.083567,0.266593,0.474706,0.073792,0.270877,0.523262,0.078989,0.250367,0.44501,0.125586,0.246912,0.554748,0.107717,0.210556,0.484883,0.144297,0.229243,0.345162,0.094785,0.251634,0.526086,0.079356,0.25649,0.552526,0.091272,0.216569,0.486917,0.518593,0.097651,0.667311,87.29004,130.911741,134.098138,129.745858,125.821269,135.210557,138.105764,136.04946,115.648727,132.642342,139.540331,132.93617,124.974533,134.60864,139.719321,135.399111,109.422166,132.395939,137.93824,132.365938,133.248082,134.322603,139.045753,135.547208,120.962734,131.740482,137.23167,132.306849,89.062136,128.964821,135.728872,127.9059,130.118966,131.697969,140.727513,132.737038,133.848384,133.531856,140.316159,134.780687,120.186102,132.140257,137.463502,132.668098,172.93712,122.858012,125.343813,125.890298
cam_2_2010_1110_120007.jpg,10.314,93.135709,90.037571,67.595789,19.343644,0.3714,0.359046,0.269554,-0.016914,250.769069,-47.9817,154.1013,133.127693,111.403454,0.750631,0.386575,0.333961,0.279464,-0.073021,398.632447,-64.422084,135.933205,121.901009,94.857555,13.011258,0.385416,0.34563,0.268953,-0.054423,352.691769,-68.119105,151.606705,131.846013,106.866538,5.218784,0.388417,0.33779,0.273793,-0.069714,390.319256,-69.719643,124.138325,112.481387,88.056261,12.76819,0.382345,0.346442,0.271213,-0.049264,324.675973,-60.507191,162.182603,142.765479,118.996438,4.351918,0.382556,0.336755,0.280689,-0.063674,423.944521,-66.955205,139.139109,128.07951,105.58025,11.439661,0.373228,0.343562,0.28321,-0.041388,372.79887,-56.058119,97.709513,96.987823,72.673189,23.592943,0.365446,0.362747,0.271807,-0.003707,267.370525,-49.350958,151.038512,137.381693,108.826695,14.89818,0.380213,0.345835,0.273952,-0.04735,397.246901,-70.766816,160.239705,141.782456,116.564912,6.760295,0.382811,0.338717,0.278472,-0.061112,418.587073,-68.892336,139.784462,128.27432,105.533558,11.23062,0.374163,0.343354,0.282483,-0.042939,373.59234,-56.991666,162.286004,188.098377,193.264706,20.646045,0.298512,0.345992,0.355495,0.073669,543.649087,36.14503,0.14794,0.294035,0.365744,0.085366,0.275112,0.604319,0.112644,0.306622,0.533071,0.093902,0.297725,0.594536,0.114135,0.295585,0.486817,0.091732,0.26931,0.63601,0.11257,0.240206,0.545644,0.167594,0.281667,0.387471,0.112828,0.278265,0.592308,0.097712,0.2728,0.628391,0.120749,0.253867,0.549943,0.527837,0.160312,0.757917,96.450364,126.310445,141.515628,125.639284,144.922181,133.655346,142.816224,135.485753,131.762134,130.243152,144.956889,131.35467,143.330969,132.828498,144.458306,134.564695,122.167936,129.676396,143.392555,130.295178,153.500548,132.715616,143.45863,134.979617,137.634468,129.498587,141.831831,130.90197,103.059846,124.996045,141.889779,124.655852,147.427855,129.888684,145.314956,131.795137,152.941828,132.133149,144.16362,134.358262,137.436324,129.549366,142.126515,130.943232,189.791075,119.762677,122.21501,123.510126
